model,strategy,pr_auc_mean,pr_auc_std,roc_auc_mean,roc_auc_std,precision_mean,precision_std,recall_mean,recall_std,f1_mean,f1_std,specificity_mean,specificity_std,balanced_accuracy_mean,balanced_accuracy_std,mcc_mean,mcc_std,threshold_mean,threshold_std,fit_seconds_mean,fit_seconds_std
CatBoost,scale_pos_weight,0.1953843157778154,0.076507687696856,0.7036104826546004,0.030990660331595553,0.3003914835164835,0.1626955897797349,0.3735294117647059,0.17381970360077595,0.2843967452300785,0.036818638442623175,0.905982905982906,0.08716272672808177,0.639756158873806,0.04480414987630318,0.24998682961984486,0.05717011607538997,0.20969673643849668,0.13818766756867526,1.5003642599999694,0.05598335997567075
CatBoost,SMOTE_1.00,0.18696717113958,0.06595852286945306,0.6972190799396681,0.03653717939009933,0.2574395539101421,0.08839406374182515,0.35,0.12581911550710256,0.2734310850439883,0.0349190126992052,0.911965811965812,0.06255978220569336,0.630982905982906,0.03395196384718344,0.22682536028718342,0.04049992753531637,0.3236659746559457,0.18695552294009815,1.6684733800000686,0.034651916429333365
XGBoost,scale_pos_weight,0.18108167207001075,0.058220078030383836,0.6949629210658622,0.028008562408316246,0.35668589743589746,0.3619402571037937,0.3735294117647059,0.15262003189276332,0.26845957683179317,0.04122713876009867,0.8940170940170941,0.08463264953795063,0.6337732528908999,0.04011219159938914,0.24771171527841124,0.09857178988343673,0.2701320946216583,0.29350669101021115,0.18812263999998322,0.007489420040370982
XGBoost,SMOTE_1.00,0.18067617415798348,0.05821595676364851,0.7097222222222223,0.03370390939959088,0.2561543719438456,0.08551029355154338,0.3375,0.08954300546100527,0.2739074233600315,0.0363978623715956,0.917094017094017,0.04952473369510472,0.6272970085470085,0.025398708536793716,0.2241882257726223,0.043236808887287,0.400775283575058,0.19795661383452137,0.21485700000002908,0.00714562171254212
CatBoost,DDPM_0.50,0.1615679144081989,0.05212509172196141,0.6812971342383107,0.061895197251372595,0.2578005591676221,0.18362144055110363,0.39632352941176474,0.1750942035128697,0.24915801942667612,0.048280376010962474,0.8623931623931623,0.10689741915467382,0.6293583459024635,0.03657247642574521,0.21279455886199033,0.07183444190678945,0.1653997077529172,0.1346513674852969,1.6656287000001613,0.048874875705390966
CatBoost,DDPM_0.25,0.15955310769634443,0.05277368490290937,0.6946392659627953,0.054909704754293874,0.2342698485078786,0.15399641286353832,0.48161764705882354,0.21307676663003092,0.26243696332746874,0.06144468399241337,0.8256410256410256,0.13549097954215517,0.6536293363499246,0.04221293251032389,0.22651995380226722,0.07083486400655556,0.11459633569127661,0.09121414313901695,1.591306600000189,0.02267382971384086
XGBoost,DDPM_0.25,0.15522999092675244,0.065676472276859,0.6710941427853193,0.06798112837687591,0.3510684873279847,0.29335257325497105,0.46691176470588236,0.29906229605287127,0.27038239431682054,0.05659746807895429,0.8358974358974359,0.17668239957402215,0.6514046003016591,0.06276479881105129,0.26490835244615124,0.09467474316627589,0.23380324244499207,0.24925541637418364,0.18130258000001048,0.004018403123397543
XGBoost,DDPM_0.50,0.150211637091216,0.05302554168994987,0.6706510809451987,0.05512511062559227,0.22970353417074732,0.15443737410830385,0.4242647058823529,0.14440622368667622,0.2519179463348615,0.0467522356222458,0.8478632478632478,0.10548719195243184,0.6360639768728004,0.026375251720355364,0.208215679856478,0.06481786854268695,0.12977642118930816,0.11727235890561417,0.18755631999993055,0.002450979391306039
CatBoost,DDPM_0.75,0.1457141432590113,0.05672429550774341,0.6840623428858723,0.0563483805354178,0.24616476727677372,0.1666882481963698,0.39632352941176474,0.1750942035128697,0.2383752989780387,0.04896174804534925,0.8452991452991453,0.12409361649833527,0.620811337355455,0.02901605642326798,0.19909858849879505,0.06932338582078042,0.1698916163654831,0.14452372612499506,1.668409099999917,0.019430478099061135
XGBoost,DDPM_0.75,0.1435608741476889,0.047788127136643876,0.6686243086978381,0.05938638405996803,0.24002673796791446,0.12245509445538195,0.325,0.12425709165673249,0.23638500870772655,0.03972879873522801,0.8863247863247864,0.10011316556818,0.6056623931623932,0.015884173817637327,0.18851985543757915,0.05544823196236378,0.20080369114875793,0.15850572072665367,0.1971638999998504,0.002275509099129464
