none_logit_bias,eligible,mean_delta_weak_recall,mean_delta_macro_f1,mean_delta_balanced_accuracy,mean_delta_none_recall,minimum_delta_none_recall
0.0,False,0.07785902385145597,0.012257250234237368,0.045470322949245356,-0.007850958418411805,-0.010494325466546384
0.005,False,0.07785902385145597,0.012333795496071165,0.045475599130978206,-0.00780347278281653,-0.010446839830951071
0.01,False,0.07749248547322163,0.01228422673816576,0.045355178398811015,-0.0077876442376180926,-0.010446839830951071
0.015,False,0.07749248547322163,0.012312099527279444,0.04535693712605534,-0.007771815692419692,-0.010446839830951071
0.02,False,0.07734253795485309,0.012299390614756192,0.04525005276440952,-0.007740158602022855,-0.010446839830951071
0.025,False,0.07719259043648452,0.012438084846870553,0.045210622621752204,-0.007645187330832452,-0.010351868559760669
0.03,False,0.07719259043648452,0.012486864529386263,0.045214140076240805,-0.007613530240435577,-0.010304382924165356
0.035,False,0.07719259043648452,0.012695231616226802,0.04521765753072937,-0.007581873150038739,-0.010304382924165356
0.04,False,0.07719259043648452,0.012867335194585569,0.04522645116695064,-0.007502730424046737,-0.010161926017379752
0.045,False,0.07719259043648452,0.013069699088570955,0.04522996862143921,-0.0074710733336498985,-0.01011444038178444
0.05,False,0.07682605205825026,0.013190562471060615,0.04511658279824904,-0.0073919306076578595,-0.010019469110594037
0.055,False,0.07660946119838452,0.013247198111172883,0.04505142075393764,-0.007328616426864183,-0.009971983474998725
0.06,False,0.07660946119838452,0.013295974780431616,0.045054938208426175,-0.007296959336467383,-0.009924497839403523
0.065,False,0.07639287033851878,0.013302260511976879,0.04498625870962614,-0.007265302246070582,-0.00982952656821312
0.07,False,0.07639287033851878,0.013328538057088743,0.04498625870962614,-0.007265302246070582,-0.00982952656821312
0.075,False,0.07639287033851878,0.013384515977386954,0.04498977616411467,-0.007233645155673744,-0.009782040932617808
0.08,False,0.07587638444191598,0.013468907972963184,0.04476422979754594,-0.007170330974880105,-0.009782040932617808
0.085,False,0.07587638444191598,0.01353148754309034,0.04476950597927879,-0.007122845339284867,-0.009687069661427405
0.09,False,0.07587638444191598,0.013580224855570163,0.04477302343376729,-0.007091188248888029,-0.009639584025832204
0.095,False,0.07572643692354741,0.013610170056083115,0.04466965652661,-0.007027874068094427,-0.009639584025832204
0.1,False,0.07572643692354741,0.013744833986031399,0.044678450162831375,-0.006948731342102314,-0.009592098390236892
0.105,False,0.07550984606368168,0.013786711697930517,0.04461152939127566,-0.006901245706507113,-0.009497127119046489
0.11,False,0.07514330768544737,0.01376577922493664,0.044492867386352754,-0.0068695886161103115,-0.009497127119046489
0.115,False,0.07514330768544737,0.013814803731288924,0.04449638484084125,-0.0068379315257134365,-0.009449641483451177
0.12,False,0.07514330768544737,0.013835793130755928,0.04449814356808549,-0.006822102980515036,-0.009449641483451177
0.125,False,0.07514330768544737,0.014058333805657944,0.04444827662153964,-0.006727131709324634,-0.009307184576665573
0.13,False,0.07477676930721311,0.013982896594074071,0.044267436579360976,-0.006711303164126233,-0.009307184576665573
0.135,False,0.07412317453597121,0.01395042593045633,0.04405133038285802,-0.006695474618927795,-0.009307184576665573
0.14,False,0.0739732270176026,0.01392160946162387,0.04400134787673519,-0.006695474618927795,-0.009307184576665573
0.145,False,0.07375663615773691,0.013953067701448885,0.04384371012590197,-0.006679646073729358,-0.00925969894107026
0.15,False,0.07360668863936833,0.014035512826026553,0.04379724507426767,-0.006647988983332557,-0.00925969894107026
0.155,False,0.07339009777950263,0.014013708074028611,0.04372680684822335,-0.00663216043813412,-0.00925969894107026
0.16,False,0.0732401502611341,0.014070518362725623,0.04368210052383337,-0.006584674802538881,-0.009212213305475059
0.165,False,0.0732401502611341,0.014127836575273575,0.0436856179783219,-0.00655301771214208,-0.009212213305475059
0.17,False,0.07302355940126841,0.01416341908247365,0.04361869720676611,-0.006505532076546842,-0.009212213305475059
0.175,False,0.07302355940126841,0.014234551467400344,0.04362397338849896,-0.006458046440951604,-0.009212213305475059
0.18,False,0.07302355940126841,0.014341649919628163,0.04363100829747594,-0.006394732260157965,-0.009164727669879857
0.185,False,0.07302355940126841,0.014483244193743213,0.04363452575196455,-0.006363075169761127,-0.009117242034284545
0.19,False,0.07302355940126841,0.014585435082689835,0.04363804320645307,-0.006331418079364289,-0.009117242034284545
0.195,False,0.07302355940126841,0.014634704872304413,0.04364156066094164,-0.006299760988967488,-0.009069756398689344
0.2,False,0.07302355940126841,0.014634704872304413,0.04364156066094164,-0.006299760988967488,-0.009069756398689344
0.205,False,0.07302355940126841,0.014656333045142725,0.04364331938818585,-0.006283932443769087,-0.009069756398689344
0.21,False,0.07302355940126841,0.014734125838720394,0.0436485955699187,-0.0062364468081738495,-0.008927299491903629
0.215,False,0.07302355940126841,0.014977562345069343,0.043657389206140075,-0.006157304082181847,-0.008832328220713226
0.22,False,0.07287361188289983,0.015189100000270813,0.04361971779072712,-0.006046504265792933,-0.00868987131392751
0.225,False,0.07272366436453126,0.01524230721245634,0.043571494011848455,-0.006030675720594532,-0.00864238567833231
0.23,False,0.07272366436453126,0.015357998568925613,0.04357852892082555,-0.005967361539800893,-0.00864238567833231
0.235,False,0.07272366436453126,0.015407032694249959,0.04358028764806976,-0.005951532994602493,-0.00864238567833231
0.24,False,0.07272366436453126,0.015477509886990592,0.043585563829802644,-0.005904047359007218,-0.008547414407141796
0.245,False,0.07272366436453126,0.01562782063487141,0.043589081284291176,-0.005872390268610417,-0.008452443135951393
0.25,False,0.07272366436453126,0.01562475344012663,0.04353042070152391,-0.005856561723412017,-0.008452443135951393
0.255,False,0.07272366436453126,0.015653363851150976,0.043532179428768226,-0.005840733178213616,-0.008452443135951393
0.26,False,0.07272366436453126,0.01573816991748278,0.043533938156012475,-0.0058249046330152154,-0.008452443135951393
0.265,False,0.07272366436453126,0.015899398281920846,0.04354097306498957,-0.005761590452221539,-0.008309986229165678
0.27,False,0.07272366436453126,0.0159903574625595,0.043546249246722346,-0.0057141048166263015,-0.008309986229165678
0.275,False,0.07257371684616272,0.01613286382256211,0.043501542922332326,-0.005666619181031063,-0.008215014957975164
0.28,False,0.07155358369668656,0.016016171657728506,0.04316677472090632,-0.005619133545435824,-0.008215014957975164
0.285,False,0.07133699283682082,0.01614693949456188,0.043035917184850524,-0.005603305000237424,-0.008167529322379963
0.29,False,0.07133699283682082,0.01618900397594203,0.04303943463933909,-0.005571647909840623,-0.008120043686784761
0.295,False,0.07133699283682082,0.01620813708631223,0.04303943463933909,-0.005571647909840623,-0.008120043686784761
0.3,False,0.07118704531845221,0.01638681317491908,0.04299648704219335,-0.005508333729046948,-0.008120043686784761
0.305,False,0.07097045445858652,0.016395069151902846,0.04292780754339328,-0.005476676638650146,-0.008120043686784761
0.31,False,0.07097045445858652,0.016473094317237685,0.04293308372512609,-0.005429191003054908,-0.008072558051189449
0.315,False,0.07097045445858652,0.016515920912167137,0.042936601179614654,-0.0053975339126581074,-0.008025072415594248
0.32,False,0.07097045445858652,0.016643489903819846,0.04294363608859164,-0.005334219731864469,-0.007977586779999046
0.325,False,0.07082050694021798,0.016673123119581246,0.04289717103695734,-0.00530256264146763,-0.007977586779999046
0.33,False,0.07067055942184941,0.01667967794221988,0.042850705985323034,-0.00527090555107083,-0.007977586779999046
0.335,False,0.07067055942184941,0.01667967794221988,0.042850705985323034,-0.00527090555107083,-0.007977586779999046
0.34,False,0.07067055942184941,0.0167903513794659,0.042854223439811566,-0.005239248460673991,-0.007977586779999046
0.345,False,0.07052061190348084,0.016880489794096138,0.042814793297154284,-0.005144277189483552,-0.00778764423761813
0.35,False,0.07052061190348084,0.016908619274556003,0.04281655202439857,-0.005128448644285115,-0.0077401586020228175
0.355,False,0.07037066438511226,0.016879626253321327,0.04276656951827573,-0.005128448644285115,-0.0077401586020228175
0.36,False,0.07037066438511226,0.016961536257023197,0.04270966766275275,-0.00509679155388824,-0.0077401586020228175
0.365,False,0.07007076934837515,0.01716449807015008,0.04255455952222834,-0.005049305918293038,-0.0077401586020228175
0.37,False,0.0698541784885095,0.017192495114844924,0.042487638750672595,-0.005001820282697837,-0.007645187330832415
0.375,False,0.06955428345177228,0.01718416739198751,0.04239119119291542,-0.004970163192300962,-0.007597701695237102
0.38,False,0.06933769259190654,0.017219889011805822,0.0423242704213597,-0.0049226775567057235,-0.007550216059641901
0.385,False,0.06903779755516944,0.017160543046068993,0.042224305409114,-0.0049226775567057235,-0.007550216059641901
0.39,False,0.06903779755516944,0.017182389377202772,0.042226064136358286,-0.004906849011507323,-0.007550216059641901
0.395,False,0.06903779755516944,0.017274781104847925,0.04223309904533534,-0.0048435348307136845,-0.007407759152856186
0.4,False,0.06882120669530371,0.017431872383459,0.04216793700102376,-0.004780220649920082,-0.007312787881665783
0.405,False,0.06860461583543798,0.01751711150328561,0.04210453368395658,-0.004701077923928043,-0.007122845339284867
0.41,False,0.06838802497557228,0.017600465134538317,0.0420376129124009,-0.004653592288332768,-0.007075359703689554
0.415,False,0.06773443020433045,0.017576445553023696,0.04182678289763064,-0.004590278107539129,-0.007027874068094353
0.42,False,0.06751783934446472,0.017598865065479436,0.04175986212607489,-0.004542792471943891,-0.006980388432499152
0.425,False,0.06751783934446472,0.01762076765309743,0.04176162085331914,-0.00452696392674549,-0.006980388432499152
0.43,False,0.06686424457322289,0.01761743295689555,0.04155254956579316,-0.0044478212007534506,-0.00693290279690395
0.435,False,0.06686424457322289,0.01761743295689555,0.04155254956579316,-0.0044478212007534506,-0.00693290279690395
0.44,False,0.06686424457322289,0.017740319842068548,0.04156134320201451,-0.004368678474761412,-0.006790445890118235
0.445,False,0.06686424457322289,0.017740319842068548,0.04156134320201451,-0.004368678474761412,-0.006790445890118235
0.45,False,0.06621064980198106,0.01767153498792891,0.04134523700551148,-0.004352849929562974,-0.006742960254522923
0.455,False,0.0660607022836125,0.017717675003075344,0.04123835264386566,-0.0043211928391661365,-0.006742960254522923
0.46,False,0.0660607022836125,0.017732946460537618,0.04121333115633263,-0.0043053642939677355,-0.006742960254522923
0.465,False,0.06591075476524393,0.017913534095850208,0.04117038355918686,-0.004242050113174097,-0.006742960254522923
0.47,False,0.06561085972850682,0.018104510888013386,0.041079212183162496,-0.004162907387182058,-0.00664798898333252
0.475,False,0.06561085972850682,0.0182179449988763,0.04108272963765106,-0.00413125029678522,-0.006553017712142006
0.48,False,0.06539426886864112,0.018226587354013352,0.041014050138851066,-0.0040995932063883815,-0.006553017712142006
0.485,False,0.06539426886864112,0.018437434612088577,0.04102108504782812,-0.004036279025594743,-0.006505532076546805
0.49,False,0.06509437383190393,0.018442812990705566,0.0409263962173152,-0.003988793389999541,-0.006458046440951604
0.495,False,0.06509437383190393,0.018471988131959494,0.040928154944559446,-0.003972964844801104,-0.006410560805356291
0.5,False,0.06494442631353536,0.018604254927703307,0.04082478803740223,-0.003909650664007429,-0.006410560805356291
0.505,False,0.06472783545366967,0.01859020772593815,0.040754349811357914,-0.003893822118809028,-0.006410560805356291
0.51,False,0.0645778879353011,0.018764026609960016,0.0407114022142121,-0.003830507938015426,-0.0063155895341658885
0.515,False,0.06442794041693252,0.018799600296994273,0.040666695889822004,-0.0037830223024201506,-0.0063155895341658885
0.52,False,0.06421134955706682,0.018871512278886504,0.04060329257275486,-0.0037038795764281116,-0.006220618262975375
0.525,False,0.06421134955706682,0.018839067582578178,0.04054287326274338,-0.0037038795764281116,-0.006220618262975375
0.53,False,0.06406140203869826,0.018809881277557634,0.04049289075662047,-0.0037038795764281116,-0.006220618262975375
0.535,False,0.06340780726745643,0.018960023290917765,0.04022164143183874,-0.003640565395634473,-0.006220618262975375
0.54,False,0.06282467802935643,0.018892783127186934,0.04003078247362735,-0.0036089083052376716,-0.006173132627380173
0.545,False,0.06282467802935643,0.018922646222380417,0.040032541200871664,-0.0035930797600392714,-0.006173132627380173
0.55,False,0.06252478299261932,0.01886300683761999,0.039932576188625925,-0.0035930797600392714,-0.006173132627380173
0.555,False,0.06252478299261932,0.018987050654253174,0.039936093643114456,-0.0035614226696424334,-0.006125646991784972
0.56,False,0.06237483547425071,0.019007464956203052,0.03988962859148012,-0.0035297655792456326,-0.006125646991784972
0.565,False,0.06222488795588214,0.018905145020374842,0.039546236484533336,-0.0034822799436504312,-0.006078161356189771
0.57,False,0.06222488795588214,0.019033848561994565,0.03955327139351039,-0.003418965762856755,-0.006078161356189771
0.575,False,0.06222488795588214,0.01910812265502108,0.03955854757524321,-0.003371480127261517,-0.006078161356189771
0.58,False,0.06207494043751353,0.019078505580312877,0.039508565069120295,-0.003371480127261517,-0.006078161356189771
0.585,False,0.06207494043751353,0.01917935279679946,0.03951559997809743,-0.0033081659464678412,-0.005935704449404056
0.59,False,0.06192499291914496,0.019189877304605602,0.03941047434369579,-0.0032606803108726026,-0.005888218813808743
0.595,False,0.06192499291914496,0.019300015378435842,0.039417509252672844,-0.003197366130079001,-0.005888218813808743
0.6,False,0.06192499291914496,0.019438207278624813,0.039422785434405694,-0.0031498804944837255,-0.005888218813808743
0.605,False,0.06149181119941353,0.019379462270167108,0.03927839152782856,-0.0031498804944837255,-0.005888218813808743
0.61,False,0.06134186368104496,0.019513389144262077,0.0392319264761943,-0.0031182234040869248,-0.005840733178213542
0.615,False,0.06134186368104496,0.019542850326239775,0.03923368520343862,-0.003102394858888524,-0.005840733178213542
0.62,False,0.06134186368104496,0.019524346790225855,0.039175024620671316,-0.0030865663136901236,-0.005840733178213542
0.625,False,0.06134186368104496,0.01963298591982865,0.03918030080240409,-0.0030390806780948854,-0.005745761907023139
0.63,False,0.06134186368104496,0.019660793143549404,0.03918030080240409,-0.0030390806780948854,-0.005745761907023139
0.635,False,0.06134186368104496,0.01990715190560673,0.03918733571138122,-0.0029757664973012097,-0.005698276271427827
0.64,False,0.061191916162676385,0.019899260138612873,0.0391391119325026,-0.002959937952102809,-0.005698276271427827
0.645,False,0.060088478836328875,0.019690834421261145,0.03877129949038675,-0.002959937952102809,-0.005698276271427827
0.65,False,0.060088478836328875,0.019654435230733996,0.03865221959760804,-0.0029441094069044085,-0.005650790635832625
0.655,False,0.059871887976463145,0.01963251234061721,0.03858178137156373,-0.0029282808617060083,-0.005650790635832625
0.66,False,0.05972194045809461,0.01962462217287438,0.038533557592685175,-0.002912452316507571,-0.005650790635832625
0.665,False,0.05950534959822892,0.019610161486428173,0.038463119366640895,-0.0028966237713091703,-0.005603305000237424
0.67,False,0.05885175482698709,0.01965772178395775,0.03824877189738215,-0.002864966680912332,-0.005555819364642112
0.675,False,0.058701807308618514,0.01976234946605171,0.03820406557299213,-0.002817481045317131,-0.00550833372904691
0.68,False,0.058701807308618514,0.019784218743022015,0.03820582430023637,-0.0028016525001186934,-0.00550833372904691
0.685,False,0.058701807308618514,0.019827368517121007,0.0382093417547249,-0.0027699954097218926,-0.005413362457856508
0.69,False,0.058701807308618514,0.019974626101090093,0.03821989411819049,-0.0026750241385314157,-0.005318391186665994
0.695,False,0.058701807308618514,0.0201063786318868,0.038225170299923304,-0.0026275385029361775,-0.00522341991547548
0.7,False,0.058551859790249905,0.02018324454914633,0.03817870524828896,-0.0025958814125393395,-0.00522341991547548
0.705,False,0.058551859790249905,0.020051590453876722,0.037881778192976445,-0.0025800528673409393,-0.00522341991547548
0.71,False,0.0577483175006395,0.019953547219098994,0.037617448217594864,-0.002548395776944138,-0.005128448644285077
0.715,False,0.0577483175006395,0.02000567185931908,0.03755878763482767,-0.002532567231745738,-0.005080963008689876
0.72,False,0.0577483175006395,0.020065200192938965,0.037562305089316204,-0.0025009101413489367,-0.005080963008689876
0.725,False,0.0577483175006395,0.020204814946057265,0.03757109872553751,-0.0024217674153568236,-0.005033477373094564
0.73,False,0.057598369982270935,0.02028804550004293,0.037524633673903164,-0.0023901103249599855,-0.005033477373094564
0.735,False,0.05744842246390236,0.02025820438505595,0.037474651167780336,-0.0023901103249599855,-0.005033477373094564
0.74,False,0.057231831604036665,0.02024346944522289,0.03740421294173605,-0.0023742817797615854,-0.004985991737499362
0.745,False,0.057231831604036665,0.020424567382953136,0.0374094891234689,-0.002326796144166384,-0.00489102046630896
0.75,False,0.05708188408566809,0.020529812565839484,0.037363024071834595,-0.002295139053769546,-0.004843534830713647
0.755,False,0.05708188408566809,0.02065788966541619,0.0373113983980445,-0.002215996327777544,-0.004796049195118446
0.76,False,0.05686529322580236,0.020659074626452667,0.03724271889924443,-0.002184339237380706,-0.004796049195118446
0.765,False,0.05686529322580236,0.02071116441078395,0.037246236353732955,-0.002152682146983905,-0.0047485635595232445
0.77,False,0.05686529322580236,0.020762818509489838,0.03724975380822145,-0.00212102505658703,-0.004701077923927932
0.775,False,0.05599510759469484,0.020621413555063823,0.036961450658429894,-0.0021051965113886295,-0.004653592288332731
0.78,False,0.05569521255795765,0.02066453573991711,0.03686852055516132,-0.0020418823305950276,-0.004558621017142328
0.785,False,0.05569521255795765,0.02071557650494334,0.03687203800964978,-0.0020102252401981526,-0.004511135381547016
0.79,False,0.05569521255795765,0.020744528742881314,0.036873796736894025,-0.0019943966949997525,-0.004511135381547016
0.795,False,0.055545265039589044,0.020736112625917753,0.03682557295801544,-0.001978568149801315,-0.004511135381547016
0.8,False,0.055545265039589044,0.020736112625917753,0.03682557295801544,-0.001978568149801315,-0.004511135381547016
0.805,False,0.055545265039589044,0.02073255724796171,0.036766912375248206,-0.0019627396046029144,-0.004511135381547016
0.81,False,0.055545265039589044,0.02073255724796171,0.036766912375248206,-0.0019627396046029144,-0.004511135381547016
0.815,False,0.055545265039589044,0.020762383012050394,0.036743649614959496,-0.0019310825142061134,-0.004463649745951814
0.82,False,0.055545265039589044,0.020784452700109573,0.036745408342203745,-0.001915253969007713,-0.004463649745951814
0.825,False,0.055545265039589044,0.020784452700109573,0.036745408342203745,-0.001915253969007713,-0.004463649745951814
0.83,False,0.05539531752122051,0.020930106370495822,0.03670070201781369,-0.0018677683334124746,-0.0043686784747613006
0.835,False,0.05517872666135478,0.0208758690670318,0.036569844481757895,-0.0018519397882140372,-0.0043686784747613006
0.84,False,0.05517872666135478,0.020964852494668618,0.036571603209002136,-0.0018361112430156368,-0.0043686784747613006
0.845,False,0.05517872666135478,0.021015546382760226,0.03657336193624642,-0.0018202826978172364,-0.0043686784747613006
0.85,False,0.055028779142986206,0.021006828290338213,0.0365251381573678,-0.0018044541526188358,-0.004321192839166099
0.855,False,0.05472888410624913,0.02099561601308571,0.03642517314512206,-0.0018044541526188358,-0.004321192839166099
0.86,False,0.0545122932463834,0.020951900317653076,0.036352976191833496,-0.0018044541526188358,-0.004321192839166099
0.865,False,0.0545122932463834,0.020951900317653076,0.036352976191833496,-0.0018044541526188358,-0.004321192839166099
0.87,False,0.05429570238651771,0.020959197257931644,0.03628429669303349,-0.001772797062222035,-0.004273707203570898
0.875,False,0.05429570238651771,0.021024360113418832,0.03628957287476634,-0.0017253114266267595,-0.004178735932380384
0.88,False,0.05429570238651771,0.021109436300389972,0.036291331602010625,-0.001709482881428322,-0.004178735932380384
0.885,False,0.053995807349780565,0.020970360185176395,0.03589619826169658,-0.0016778257910315213,-0.004131250296785183
0.89,False,0.053995807349780565,0.020970360185176395,0.03589619826169658,-0.0016778257910315213,-0.004131250296785183
0.895,False,0.053845859831411956,0.021133128204846585,0.03585325066455084,-0.0016145116102379193,-0.004083764661189981
0.9,False,0.053845859831411956,0.02119060180099308,0.03585500939179509,-0.0015986830650394819,-0.004036279025594669
0.905,False,0.05369591231304338,0.021187047006571185,0.03574812503014927,-0.0015670259746426811,-0.003988793389999468
0.91,False,0.053042317541801554,0.021204024091579843,0.03553553628813477,-0.0015195403390474427,-0.0038463364832137525
0.915,False,0.053042317541801554,0.02139526867108384,0.03554081246986762,-0.0014720547034522413,-0.0037038795764281485
0.92,False,0.05282572668193586,0.021508651775899224,0.0354738916983118,-0.0014245690678570029,-0.0036089083052376347
0.925,False,0.05282572668193586,0.021508651775899224,0.0354738916983118,-0.0014245690678570029,-0.0036089083052376347
0.93,False,0.052675779163567284,0.02150053551830855,0.035425667919433246,-0.0014087405226585654,-0.0036089083052376347
0.935,False,0.05245918830370163,0.02150907111400961,0.03535698842063321,-0.0013770834322617276,-0.0036089083052376347
0.94,False,0.051942702407098716,0.02147684654835687,0.03518834390958747,-0.0013454263418648897,-0.003513937034047121
0.945,False,0.051792754888730176,0.021541353748675014,0.0351453963124417,-0.0012821121610712878,-0.0034189657628567183
0.95,False,0.051576164028864446,0.021549995673071476,0.035076716813641697,-0.001250455070674487,-0.003371480127261517
0.955,False,0.051576164028864446,0.021600945961418632,0.035078475540885945,-0.0012346265254760496,-0.0033239944916662045
0.96,False,0.051576164028864446,0.02160888366850929,0.03505345405335288,-0.001218797980277649,-0.0033239944916662045
0.965,False,0.051576164028864446,0.02165357918203281,0.03505697150784141,-0.0011871408898808111,-0.003276508856071003
0.97,False,0.05142621651049584,0.02171575217858816,0.03494832841895142,-0.0011713123446823737,-0.003276508856071003
0.975,False,0.051209625650630176,0.021745937404633264,0.03488140764739563,-0.0011238267090871723,-0.003229023220475802
0.98,False,0.05105967813226161,0.02179204088435353,0.0348367013230055,-0.001076341073491971,-0.003229023220475802
0.985,False,0.04960254107140938,0.021594858366627667,0.03435626515112097,-0.0010288554378966956,-0.003134051949285288
0.99,False,0.04960254107140938,0.021594858366627667,0.03435626515112097,-0.0010288554378966956,-0.003134051949285288
0.995,False,0.04960254107140938,0.021594858366627667,0.03435626515112097,-0.0010288554378966956,-0.003134051949285288
1.0,False,0.04945259355304077,0.021586186410110304,0.03430804137224234,-0.001013026892698295,-0.0030865663136900867
1.005,False,0.04923600269317504,0.021616403772584964,0.03424112060068659,-0.0009655412571030197,-0.002991595042499573
1.01,False,0.04858240792193321,0.021547733513125295,0.034026773131427844,-0.0009338841667062189,-0.0028966237713091703
1.015,False,0.04858240792193321,0.021547733513125295,0.034026773131427844,-0.0009338841667062189,-0.0028966237713091703
1.02,False,0.04858240792193321,0.021601141399438657,0.03396811254866069,-0.0009180556215077814,-0.002849138135713858
1.025,False,0.048365817062067475,0.0215526015648219,0.03383549628536053,-0.0009180556215077814,-0.002849138135713858
1.03,False,0.04799927868383317,0.0215228387066206,0.03371683428043759,-0.0008863985311109804,-0.0028016525001186565
1.035,False,0.04799927868383317,0.021566327558243798,0.0335995131149032,-0.0008547414407141796,-0.0028016525001186565
1.04,False,0.047782687823967475,0.021523163470776503,0.03352731616161464,-0.0008547414407141796,-0.0028016525001186565
1.045,False,0.04748279278723037,0.02149154728453062,0.03342910987661322,-0.0008389128955157791,-0.0028016525001186565
1.05,False,0.04748279278723037,0.021514311105509942,0.03343086860385743,-0.0008230843503173787,-0.0028016525001186565
1.055,False,0.047182897750493225,0.021528802085106064,0.03324722152131147,-0.0007914272599205407,-0.002754166864523455
1.06,False,0.047182897750493225,0.021565141178511677,0.0332507389758,-0.0007597701695237028,-0.002754166864523455
1.065,False,0.04703295023212465,0.02162180934241061,0.033202515196921446,-0.0007439416243253024,-0.002706681228928254
1.07,False,0.04688300271375608,0.021591576301421722,0.03315253269079854,-0.0007439416243253024,-0.002706681228928254
1.075,False,0.046229407942514254,0.02154562504316056,0.032939943948784155,-0.000696455988730064,-0.002706681228928254
1.08,False,0.046229407942514254,0.021618508562817402,0.032914922461251016,-0.0006806274435316265,-0.0026591955933329414
1.085,False,0.046229407942514254,0.021669826484046695,0.03291668118849526,-0.0006647988983332261,-0.0026591955933329414
1.09,False,0.046229407942514254,0.021698953819270044,0.03291843991573954,-0.0006489703531348257,-0.0026591955933329414
1.095,False,0.046229407942514254,0.021721136013387838,0.032920198642983865,-0.0006331418079364252,-0.00261170995773774
1.1,False,0.046229407942514254,0.0218366478751069,0.032923716097472355,-0.0006014847175396243,-0.0025642243221425387
1.105,False,0.046229407942514254,0.0218366478751069,0.032923716097472355,-0.0006014847175396243,-0.0025642243221425387
1.11,False,0.04601281708264856,0.021830401425651253,0.03282825638389505,-0.0005698276271428234,-0.0025167386865473373
1.115,False,0.045712922045911375,0.021844962331249662,0.03273356755338216,-0.000522341991547548,-0.002469253050952025
1.12,False,0.0455629745275428,0.021844248158181978,0.032685343774503606,-0.0005065134463491475,-0.0024217674153568236
1.125,False,0.04541302700917427,0.021874133617392284,0.03261385723533613,-0.0004590278107539092,-0.0023742817797616222
1.13,False,0.04504648863094,0.021799777819860977,0.032491677775924654,-0.0004590278107539092,-0.0023742817797616222
1.135,False,0.04504648863094,0.021931445274264088,0.032496953957657504,-0.0004115421751586708,-0.002231824872975907
1.14,False,0.04467995025270569,0.022011612031080374,0.03237829195273464,-0.0003798850847618329,-0.002231824872975907
1.145,False,0.04453000273433708,0.022025979980667947,0.03233182690110029,-0.000348227994365032,-0.002184339237380706
1.15,False,0.04453000273433708,0.022070583978180514,0.0323353443555889,-0.0003165709039681941,-0.002089367966190192
1.155,True,0.043876407963095256,0.022153126443050526,0.03212451434081861,-0.0002532567231745553,-0.001946911059404477
1.16,True,0.043072865673484895,0.022049791416433557,0.03185842563819278,-0.00023742817797615481,-0.0018994254238092756
1.165,True,0.043072865673484895,0.022049791416433557,0.03185842563819278,-0.00023742817797615481,-0.0018994254238092756
1.17,True,0.0420527325240088,0.02186616181555497,0.03151838125503411,-0.00023742817797615481,-0.0018994254238092756
1.175,True,0.04190278500564019,0.021835785948823294,0.03146839874891124,-0.00023742817797615481,-0.0018994254238092756
1.18,True,0.04124919023439836,0.021788159827891323,0.03125581000689681,-0.00018994254238095346,-0.0018994254238092756
1.185,True,0.04124919023439836,0.02177782224958454,0.031197149424129544,-0.000174113997182516,-0.0018994254238092756
1.19,True,0.04124919023439836,0.021830514701368098,0.03120066687861811,-0.0001424569067857151,-0.0018519397882140742
1.195,True,0.04124919023439836,0.021830514701368098,0.03120066687861811,-0.0001424569067857151,-0.0018519397882140742
1.2,True,0.04109924271602979,0.02178899447041364,0.031092023789727936,-0.00012662836158731464,-0.0018519397882140742
1.205,True,0.040882651856164055,0.021744567302971734,0.031019826836439373,-0.00012662836158731464,-0.0018519397882140742
1.21,True,0.040882651856164055,0.021773955668689005,0.031021585563683656,-0.00011079981638891419,-0.0018519397882140742
1.215,True,0.04051611347792983,0.02177049655008208,0.030901164831516576,-9.497127119051374e-05,-0.0018519397882140742
1.22,True,0.04051611347792983,0.02188600127987202,0.030902923558760786,-7.914272599207628e-05,-0.0018519397882140742
1.225,True,0.04051611347792983,0.021908429731554307,0.03090468228600507,-6.331418079363882e-05,-0.0018044541526187619
1.23,True,0.04051611347792983,0.021908429731554307,0.03090468228600507,-6.331418079363882e-05,-0.0018044541526187619
1.235,True,0.040216218441192685,0.021846739939270443,0.030804717273759368,-6.331418079363882e-05,-0.0018044541526187619
1.24,True,0.03991632340445558,0.021754021867892253,0.03064433295150219,-6.331418079363882e-05,-0.0018044541526187619
1.245,True,0.03991632340445558,0.021776629560594712,0.030646091678746473,-4.7485635595238364e-05,-0.0018044541526187619
1.25,True,0.039766375886087,0.02176877160860291,0.030597867899867848,-3.1657090396837915e-05,-0.0018044541526187619
1.255,True,0.039112781114845174,0.021538311425864043,0.030084834648052377,-3.700743415417188e-17,-0.0017094828814283591
1.26,True,0.039112781114845174,0.021538311425864043,0.030084834648052377,-3.700743415417188e-17,-0.0017094828814283591
1.265,True,0.039112781114845174,0.021538311425864043,0.030084834648052377,-3.700743415417188e-17,-0.0017094828814283591
1.27,True,0.038242595483737575,0.021401316499283007,0.02979653149826082,1.5828545198400452e-05,-0.0017094828814283591
1.275,True,0.038092647965368966,0.021367540723966665,0.029687888409370755,3.1657090396837915e-05,-0.0017094828814283591
1.28,True,0.03794270044700043,0.02141303894703402,0.029643182084980697,7.914272599207628e-05,-0.0016145116102378454
1.285,True,0.03742621455039755,0.021329762970493382,0.029472778846690677,9.497127119047673e-05,-0.0016145116102378454
1.29,True,0.03742621455039755,0.021329762970493382,0.029472778846690677,9.497127119047673e-05,-0.0016145116102378454
1.295,True,0.03727626703202902,0.02139394079155288,0.02942807252230062,0.0001424569067857151,-0.001567025974642644
1.3,True,0.03647272474241858,0.021329894765348856,0.029161983819674758,0.00015828545198411556,-0.001567025974642644
1.305,True,0.03610618636418431,0.02144267483954117,0.02904332181475185,0.00018994254238091646,-0.0015195403390474427
1.31,True,0.03588959550431866,0.021419527427265345,0.028914223005940303,0.00022159963277771735,-0.0015195403390474427
1.315,True,0.03523600073307683,0.021347671477423818,0.028698116809437273,0.00023742817797615481,-0.0014720547034521303
1.32,True,0.0337826858638692,0.021090372586120787,0.028215437246945713,0.0002532567231745923,-0.0014720547034521303
1.325,True,0.03356609500400346,0.021045857978853572,0.02814324029365715,0.0002532567231745923,-0.0014720547034521303
1.33,True,0.03341614748563493,0.02105936347770702,0.028095016514778564,0.00026908526837302976,-0.0014720547034521303
1.335,True,0.0331995566257692,0.02103848037706139,0.028024578288734243,0.0002849138135714302,-0.0014720547034521303
1.34,True,0.0331995566257692,0.021067184382312698,0.028024578288734243,0.0002849138135714302,-0.0014720547034521303
1.345,True,0.0331995566257692,0.021067184382312698,0.028024578288734243,0.0002849138135714302,-0.0014720547034521303
1.35,True,0.03298296576590346,0.02107859931490515,0.027954140062689887,0.00030074235876983063,-0.0014720547034521303
1.355,True,0.03298296576590346,0.021290358479769456,0.02793615348413392,0.0003798850847618329,-0.0013770834322617276
1.36,True,0.0326164273876692,0.021228530711551546,0.027757072169199648,0.00041154217515863384,-0.0013295977966665262
1.365,True,0.0326164273876692,0.021281756263677603,0.027760589623688176,0.00044319926555550876,-0.0012821121610712138
1.37,True,0.032249889009434964,0.0213452551391398,0.027641927618765272,0.00047485635595234665,-0.0012346265254760125
1.375,True,0.032099941491066396,0.021360349588338396,0.02759546256713093,0.0005065134463491475,-0.0012346265254760125
1.38,True,0.03194999397269782,0.021316862200791393,0.027428158895473603,0.0005381705367459855,-0.0011871408898808111
1.385,True,0.03194999397269782,0.021332006424564637,0.027403137407940537,0.000553999081944386,-0.0011871408898808111
1.39,True,0.03194999397269782,0.021332006424564637,0.027403137407940537,0.000553999081944386,-0.0011871408898808111
1.395,True,0.03194999397269782,0.021332006424564637,0.027403137407940537,0.000553999081944386,-0.0011871408898808111
1.4,False,0.03165009893596068,0.021270876478397205,0.027303172395694797,0.000553999081944386,-0.0011871408898808111
1.405,False,0.03165009893596068,0.021270876478397205,0.027303172395694797,0.000553999081944386,-0.0011871408898808111
1.41,False,0.03165009893596068,0.021270876478397205,0.027303172395694797,0.000553999081944386,-0.0011871408898808111
1.415,False,0.03165009893596068,0.021270876478397205,0.027303172395694797,0.000553999081944386,-0.0011871408898808111
1.42,False,0.03165009893596068,0.02129974235561875,0.027303172395694797,0.000553999081944386,-0.0011871408898808111
1.425,False,0.03128356055772641,0.021335109320613815,0.027184510390771965,0.0005856561723412238,-0.0011396552542854987
1.43,False,0.03128356055772641,0.021447396669826535,0.02718802784526053,0.0006173132627380618,-0.0011396552542854987
1.435,False,0.031133613039357837,0.021439631845182456,0.027139804066381907,0.0006331418079364622,-0.0010921696186902974
1.44,False,0.031133613039357837,0.021505601136015334,0.02714332152087044,0.0006647988983332631,-0.0010921696186902974
1.445,False,0.030767074661123568,0.021471952194523913,0.026965998933180375,0.0007122845339284645,-0.001044683983095096
1.45,False,0.030617127142754958,0.021560297956468966,0.02691953388154607,0.0007439416243252653,-0.0009971983474998947
1.455,False,0.030467179624386387,0.021528806166884018,0.0268695513754232,0.0007439416243252653,-0.0009971983474998947
1.46,False,0.03010064124615212,0.021573413592351914,0.026750889370500297,0.0007755987147221033,-0.0009022270763093809
1.465,False,0.029950693727783546,0.02155019924597475,0.026675885376844437,0.0007914272599205038,-0.0008547414407141796
1.47,False,0.029950693727783546,0.021603333031840404,0.026679402831332855,0.0008230843503173787,-0.0008072558051188672
1.475,False,0.029734102867917816,0.021558631825118597,0.02660720587804429,0.0008230843503173787,-0.0008072558051188672
1.48,False,0.02958415534954924,0.021528079164034913,0.026557223371921495,0.0008230843503173787,-0.0008072558051188672
1.485,False,0.029434207831180708,0.021548925458315143,0.02650899959304291,0.0008389128955157791,-0.0007597701695236658
1.49,False,0.029434207831180708,0.02181603715740728,0.026519551956508496,0.0009338841667062558,-0.0006173132627379507
1.495,False,0.029434207831180708,0.021844793980500914,0.026519551956508496,0.0009338841667062558,-0.0006173132627379507
1.5,False,0.029434207831180708,0.02183456767657473,0.02646089137374134,0.0009497127119046563,-0.0005698276271427494
1.505,False,0.029434207831180708,0.021903264580100834,0.026439387340696802,0.0009971983474998947,-0.0005698276271427494
1.51,False,0.029434207831180708,0.021923647922891403,0.026382485485173895,0.0010288554378966956,-0.000522341991547548
1.515,False,0.029434207831180708,0.021980772357106677,0.02638424421241814,0.001044683983095133,-0.00047485635595223563
1.52,False,0.029067669452946438,0.021904139637934954,0.02626206475300678,0.001044683983095133,-0.00047485635595223563
1.525,False,0.029067669452946438,0.021990998962706326,0.02626206475300678,0.001044683983095133,-0.00047485635595223563
1.53,False,0.02841407468170461,0.021933271012604633,0.026047717283747922,0.0010763410734919339,-0.00047485635595223563
1.535,False,0.02841407468170461,0.021933271012604633,0.026047717283747922,0.0010763410734919339,-0.00047485635595223563
1.54,False,0.02841407468170461,0.022024374884323,0.026052993465480845,0.0011238267090872094,-0.00042737072035703427
1.545,False,0.02841407468170461,0.022024374884323,0.026052993465480845,0.0011238267090872094,-0.00042737072035703427
1.55,False,0.027964232126598893,0.022113632119047082,0.025908322128844974,0.0011713123446824107,-0.00033239944916663156
1.555,False,0.027310637355357065,0.022079583667826103,0.025692215932341982,0.0011871408898808111,-0.00033239944916663156
1.56,False,0.027094046495491336,0.022087531726491066,0.02562177770629766,0.0012029694350792115,-0.00033239944916663156
1.565,False,0.02694409897712276,0.022110933929370358,0.025575312654663358,0.0012346265254760496,-0.00033239944916663156
1.57,False,0.02664420394038558,0.02204905883089303,0.025475347642417583,0.0012346265254760496,-0.00033239944916663156
1.575,False,0.02664420394038558,0.022048651231810473,0.025450326154884628,0.00125045507067445,-0.00033239944916663156
1.58,False,0.02664420394038558,0.022048651231810473,0.025450326154884628,0.00125045507067445,-0.00033239944916663156
1.585,False,0.025774018309278095,0.02187731084268063,0.02510160369508152,0.0012662836158728874,-0.0002849138135713192
1.59,False,0.025340836589546667,0.02187340982495715,0.024962485970237203,0.0013137692514680888,-0.0002849138135713192
1.595,False,0.02468724181830484,0.021896319029805007,0.02474637977373421,0.0013295977966664891,-0.00023742817797611782
1.6,False,0.02468724181830484,0.021896319029805007,0.02474637977373421,0.0013295977966664891,-0.00023742817797611782
1.605,False,0.02468724181830484,0.02198513583049755,0.024748138500978456,0.0013454263418648897,-0.00018994254238091646
1.61,False,0.02468724181830484,0.02197187366218789,0.024630817335443995,0.0013770834322617276,-0.00018994254238091646
1.615,False,0.024320703440070573,0.02196544478427524,0.024487133842988063,0.001424569067856966,-4.748563559520136e-05
1.62,False,0.024170755921701963,0.021934438202768042,0.024437151336865193,0.001424569067856966,-4.748563559520136e-05
1.625,False,0.02402080840333339,0.022022914829820994,0.02439068628523085,0.0014562261582537668,0.0
1.63,False,0.02402080840333339,0.022081025588539083,0.02439068628523085,0.0014562261582537668,0.0
1.635,False,0.02402080840333339,0.02213347942933419,0.024394203739719417,0.0014878832486506048,9.497127119051374e-05
1.64,False,0.02380421754346773,0.022055455218688198,0.024261587476419377,0.0014878832486506048,9.497127119051374e-05
1.645,False,0.023654270025099122,0.022024406188304146,0.024211604970296546,0.0014878832486506048,9.497127119051374e-05
1.65,False,0.022634136875622952,0.021847193328956127,0.023873319314382118,0.0015037117938490052,0.0001424569067857151
1.655,False,0.022634136875622952,0.021847193328956127,0.023873319314382118,0.0015037117938490052,0.0001424569067857151
1.66,False,0.022634136875622952,0.02190128901631161,0.023876836768870573,0.0015353688842458062,0.00018994254238091646
1.665,False,0.022417546015757222,0.021877287148543718,0.023747737960058985,0.0015670259746426811,0.00018994254238091646
1.67,False,0.022200955155891527,0.02210764228956652,0.023680817188503272,0.0016145116102379193,0.00023742817797622884
1.675,False,0.02190106011915438,0.022044658065530538,0.023580852176257567,0.0016145116102379193,0.00023742817797622884
1.68,False,0.02175111260078581,0.022043554175850466,0.02353262839737898,0.00163034015543632,0.00023742817797622884
1.685,False,0.02175111260078581,0.022104212492423225,0.023536145851867512,0.0016619972458331207,0.00033239944916663156
1.69,False,0.02123462670418297,0.022034097073127645,0.023367501340821772,0.0016936543362299588,0.00037988508476194394
1.695,False,0.02123462670418297,0.02212392839310536,0.023369260068066094,0.0017094828814283591,0.0004273707203571453
1.7,False,0.02123462670418297,0.02237495542607104,0.023253697629775878,0.0017569685170235605,0.000522341991547548
1.705,False,0.02043108441457257,0.022217160426515486,0.022960828712372705,0.001772797062221998,0.0005698276271428604
1.71,False,0.01977748964333074,0.022090213334850024,0.02274296378862543,0.001772797062221998,0.0005698276271428604
1.715,False,0.01977748964333074,0.022047316812210022,0.02262388389584676,0.0017886256074204354,0.0005698276271428604
1.72,False,0.019560898783465046,0.02200197342774716,0.022551686942558196,0.0017886256074204354,0.0005698276271428604
1.725,False,0.019560898783465046,0.02200197342774716,0.022551686942558196,0.0017886256074204354,0.0005698276271428604
1.73,False,0.01934430792359935,0.02204239992546253,0.022484766171002406,0.0018361112430156368,0.0006647988983332631
1.735,False,0.01934430792359935,0.022072058138844348,0.022486524898246724,0.0018519397882140742,0.0006647988983332631
1.74,False,0.019044412886862244,0.022075816056971065,0.022390077340489516,0.001883596878610912,0.0007597701695237769
1.745,False,0.01882782202699651,0.02203038327080035,0.022317880387200912,0.001883596878610912,0.0007597701695237769
1.75,False,0.018527926990259364,0.02196828895823903,0.022217915374955172,0.001883596878610912,0.0007597701695237769
1.755,False,0.018527926990259364,0.02199134142670049,0.02221967410219942,0.0018994254238093127,0.0008072558051189782
1.76,False,0.018377979471890793,0.02198061470569172,0.022112789740553713,0.0019310825142061134,0.0008547414407141796
1.765,False,0.01822803195352222,0.021971878216800394,0.022064565961675164,0.001946911059404514,0.0008547414407141796
1.77,False,0.01822803195352222,0.021971878216800394,0.022064565961675164,0.001946911059404514,0.0008547414407141796
1.775,False,0.017778189398416504,0.021901086058501756,0.021916377170550838,0.0019627396046029144,0.0008547414407141796
1.78,False,0.0174116510201822,0.02179178772408667,0.021733778401127963,0.0019627396046029144,0.0008547414407141796
1.785,False,0.017261703501813663,0.02184146232236206,0.021687313349493625,0.0019943966949997525,0.000902227076309492
1.79,False,0.016745217605210787,0.021763761915200908,0.021516910111203564,0.00201022524019819,0.000902227076309492
1.795,False,0.01644532256847368,0.021747811411684286,0.021420462553446356,0.0020418823305950276,0.000902227076309492
1.8,False,0.015575136937366119,0.021601054278744036,0.021132159403654833,0.002057710875793428,0.000902227076309492
1.805,False,0.01542518941899751,0.0215689229863056,0.021082176897531963,0.002057710875793428,0.000902227076309492
1.81,False,0.01542518941899751,0.021599736921193585,0.02108393562477621,0.0020735394209918287,0.000902227076309492
1.815,False,0.01542518941899751,0.021735526574415725,0.021089211806509023,0.002121025056587067,0.0009497127119046933
1.82,False,0.015275241900628936,0.02170447733277629,0.02103922930038619,0.002121025056587067,0.0009497127119046933
1.825,False,0.015275241900628936,0.021847729856351084,0.020982327444863242,0.0021526821469838677,0.0009497127119046933
1.83,False,0.015275241900628936,0.02187096059771043,0.020984086172107525,0.002168510692182305,0.0009497127119046933
1.835,False,0.015275241900628936,0.021902121218959625,0.020985844899351774,0.002184339237380706,0.0009497127119046933
1.84,False,0.015275241900628936,0.02197194340002458,0.020991121081084585,0.002231824872975907,0.0009971983474998947
1.845,False,0.015275241900628936,0.02211436216188023,0.02099463853557308,0.002263481963372745,0.0009971983474998947
1.85,False,0.015275241900628936,0.022137656827723767,0.020996397262817323,0.0022793105085711454,0.0009971983474998947
1.855,False,0.014908703522394706,0.022220729270951717,0.020877735257894454,0.0023109675989679834,0.0009971983474998947
1.86,False,0.014908703522394706,0.022210662271436754,0.020819074675127263,0.002326796144166384,0.001044683983095096
1.865,False,0.014608808485657562,0.022146120826797195,0.020719109662881558,0.002326796144166384,0.001044683983095096
1.87,False,0.014458860967288953,0.021919319180851365,0.020310022064190487,0.002326796144166384,0.001044683983095096
1.875,False,0.014458860967288953,0.021915970831275795,0.020251361481423296,0.002342624689364784,0.001044683983095096
1.88,False,0.014458860967288953,0.021969154319230855,0.020254878935911824,0.0023742817797616222,0.001044683983095096
1.885,False,0.014092322589054684,0.021983541006009005,0.02013445820374467,0.0023901103249600597,0.0010921696186904084
1.89,False,0.014092322589054684,0.02216492781546875,0.020137975658233203,0.0024217674153568605,0.0011396552542856098
1.895,False,0.013875731729189026,0.022140771667060893,0.020008876849421653,0.0024534245057536617,0.0011396552542856098
1.9,False,0.013875731729189026,0.02217206414254691,0.020010635576665898,0.002469253050952062,0.0011871408898808111
1.905,False,0.013659140869323294,0.02215041341122348,0.019940197350621653,0.0024850815961504993,0.0011871408898808111
1.91,False,0.013659140869323294,0.02213114190314802,0.019881536767854424,0.0025009101413489,0.0011871408898808111
1.915,False,0.013659140869323294,0.02212884728745801,0.01982287618508723,0.0025167386865473005,0.0011871408898808111
1.92,False,0.01322595914959183,0.022205158508248706,0.019681999732998594,0.0025483957769441012,0.0011871408898808111
1.925,False,0.013076011631223258,0.022174049879321516,0.019632017226875725,0.0025483957769441012,0.0011871408898808111
1.93,False,0.012859420771357525,0.02218111664514133,0.019563337728075687,0.0025800528673409393,0.0012821121610713249
1.935,False,0.012859420771357525,0.02224222330060351,0.019511536025765275,0.0025958814125393768,0.0012821121610713249
1.94,False,0.012859420771357525,0.022478603550659264,0.019515053480253803,0.0026275385029361775,0.0013770834322617276
1.945,False,0.012859420771357525,0.022492144207818903,0.01945815162473093,0.0026591955933330156,0.0013770834322617276
1.95,False,0.01270947325298899,0.022460987055448262,0.0194081691186081,0.0026591955933330156,0.0013770834322617276
1.955,False,0.012492882393123295,0.022444718781354383,0.019335972165319532,0.0026591955933330156,0.0013770834322617276
1.96,False,0.01212634401488899,0.02236780387857329,0.0192137927059081,0.0026591955933330156,0.0013770834322617276
1.965,False,0.01212634401488899,0.022334363798010088,0.01915337339589655,0.0026591955933330156,0.0013770834322617276
1.97,False,0.011976396496520417,0.02239445169056527,0.019105149617017998,0.002675024138531453,0.00142456906785704
1.975,False,0.011106210865412858,0.022252416054033126,0.01879006625244913,0.002690852683729853,0.00142456906785704
1.98,False,0.010956263347044285,0.022275870630477385,0.018743601200814714,0.0027225097741266544,0.00142456906785704
1.985,False,0.010739672487178553,0.022261046311193373,0.018673162974770396,0.0027383383193250546,0.00142456906785704
1.99,False,0.010739672487178553,0.022292433618723056,0.018674921702014718,0.002754166864523455,0.0014720547034522413
1.995,False,0.010156543249078553,0.02220171914976543,0.018482304016559,0.0027699954097218558,0.0015195403390474427
2.0,False,0.009939952389212822,0.02226953822126006,0.018413624517758926,0.0028016525001187307,0.001567025974642755
