timestamp,label,catboost_calibrated_probability,xgboost_calibrated_probability
2008-10-02 20:54:00,0,0.035530763717972404,0.03794153
2008-10-02 21:32:00,1,0.038381363211260094,0.040712614
2008-10-02 21:33:00,0,0.038329223898787894,0.044881996
2008-10-02 22:23:00,0,0.03654846881103567,0.040933475
2008-10-02 22:33:00,0,0.037348174208402654,0.054171056
2008-10-02 23:32:00,0,0.030553091970985814,0.018439302
2008-10-02 23:32:00,0,0.033649116486822075,0.020203305
2008-10-03 00:24:00,0,0.034331939547594024,0.040851038
2008-10-03 00:55:00,0,0.0351161880666744,0.029255314
2008-10-03 02:41:00,0,0.04075447295070242,0.07272734
2008-10-03 03:52:00,0,0.03877458876481404,0.058312055
2008-10-03 03:56:00,0,0.03455888877870162,0.016652182
2008-10-03 04:49:00,0,0.033932590972418,0.023224829
2008-10-03 05:01:00,0,0.0381246715205853,0.038459677
2008-10-03 05:45:00,0,0.037778888856367814,0.037942156
2008-10-03 06:15:00,0,0.03292788915387317,0.017062375
2008-10-03 08:35:00,0,0.03587848842606754,0.034977797
2008-10-03 09:30:00,0,0.030182368265055583,0.017584082
2008-10-03 11:40:00,0,0.03726047666220504,0.02670963
2008-10-03 12:31:00,0,0.03642115096803279,0.043095108
2008-10-03 18:45:00,0,0.03377770101104351,0.041518956
2008-10-03 19:23:00,0,0.04034269026080676,0.06698839
2008-10-03 19:23:00,0,0.035266955150501836,0.044317447
2008-10-03 20:11:00,0,0.03733086501848061,0.057427075
2008-10-03 20:26:00,0,0.03372723901413458,0.054051623
2008-10-03 20:35:00,0,0.03557271087080762,0.02864902
2008-10-03 20:46:00,0,0.034876963097693274,0.034390252
2008-10-03 21:15:00,0,0.040323938207346706,0.032443814
2008-10-03 21:52:00,0,0.03758263663208602,0.043435268
2008-10-03 22:08:00,0,0.03259495245402943,0.026296787
2008-10-03 22:53:00,0,0.039964827893116825,0.08164162
2008-10-03 23:46:00,0,0.03422698169548463,0.025009783
2008-10-04 00:58:00,0,0.03798204805503762,0.06883863
2008-10-04 01:49:00,0,0.031682016756261915,0.026915614
2008-10-04 02:36:00,0,0.030903478817427874,0.02249308
2008-10-04 03:53:00,0,0.03398317772996866,0.021872845
2008-10-04 04:12:00,0,0.03553026940961101,0.041420374
2008-10-04 04:45:00,0,0.03363807048077279,0.031055683
2008-10-04 09:29:00,0,0.032609732341636576,0.022785187
2008-10-04 15:16:00,0,0.03832467796803141,0.06038144
2008-10-04 16:58:00,0,0.04013900481507735,0.05322025
2008-10-04 18:15:00,0,0.036069640346427165,0.03864858
2008-10-04 18:25:00,0,0.034883094554604144,0.026021235
2008-10-04 18:59:00,0,0.034722684635710314,0.021482585
2008-10-04 19:12:00,0,0.03481061088203499,0.027799
2008-10-04 19:47:00,0,0.035005893289632765,0.035385095
2008-10-04 19:54:00,0,0.03777832708044754,0.0435676
2008-10-04 20:39:00,0,0.03444158186182194,0.04248213
2008-10-04 22:06:00,0,0.03546835292686385,0.03222111
2008-10-04 23:18:00,1,0.03455540447406284,0.03161784
2008-10-05 00:33:00,1,0.03557707770943571,0.05323801
2008-10-05 00:33:00,0,0.042028280213971245,0.07894019
2008-10-05 01:35:00,0,0.03578563546106456,0.021463754
2008-10-05 04:01:00,0,0.03700749273742525,0.04803759
2008-10-05 04:20:00,0,0.04090794376201631,0.06089199
2008-10-05 04:48:00,0,0.035398716641658216,0.031548835
2008-10-05 05:31:00,0,0.034951905196359136,0.038327314
2008-10-05 05:53:00,0,0.03584704142847986,0.024594521
2008-10-05 06:15:00,0,0.034286491293590085,0.032286573
2008-10-05 08:02:00,0,0.036014820081204414,0.028238634
2008-10-05 08:40:00,0,0.03719801210638128,0.033578098
2008-10-05 09:04:00,0,0.03426998779613012,0.021665245
2008-10-05 09:47:00,0,0.03229442076174921,0.021917295
2008-10-05 10:00:00,0,0.03567842578259057,0.08010962
2008-10-05 10:43:00,0,0.03519827875966493,0.021645647
2008-10-05 11:05:00,0,0.03740825488365106,0.045409523
2008-10-05 11:30:00,0,0.034010631761706045,0.03721393
2008-10-05 12:03:00,0,0.0381043131528107,0.0638418
2008-10-05 12:17:00,0,0.03692260556837989,0.04198967
2008-10-05 13:49:00,0,0.03521488695075797,0.027867408
2008-10-05 14:34:00,0,0.03610186828260055,0.056384962
2008-10-05 15:30:00,1,0.03830179292828623,0.043373395
2008-10-05 15:35:00,1,0.03476113982671811,0.03138922
2008-10-05 16:15:00,0,0.04190720281331009,0.079804525
2008-10-05 16:37:00,1,0.04131215975053477,0.044311017
2008-10-05 16:49:00,1,0.036274195300968794,0.053300932
2008-10-05 18:46:00,1,0.03649993148667758,0.03717474
2008-10-05 18:59:00,0,0.03585891848646251,0.04369841
2008-10-05 19:45:00,0,0.03622283059113797,0.036240835
2008-10-05 20:12:00,0,0.03493159734159121,0.026829096
2008-10-05 20:30:00,0,0.040810812257298275,0.10504323
2008-10-05 22:13:00,0,0.03733487120899338,0.031310342
2008-10-06 00:41:00,0,0.03358135286929014,0.022490678
2008-10-06 01:25:00,0,0.034028973238888996,0.034285817
2008-10-06 01:27:00,0,0.037474694236401825,0.0410218
2008-10-06 01:30:00,0,0.03876441912757447,0.033193678
2008-10-06 02:44:00,0,0.037221161735355814,0.046955306
2008-10-06 02:49:00,0,0.03696872070561606,0.039213896
2008-10-06 03:31:00,0,0.03470173671428741,0.030744253
2008-10-06 03:50:00,1,0.033947651144623864,0.028561987
2008-10-06 03:57:00,1,0.03908878779924498,0.03366083
2008-10-06 04:26:00,0,0.043146520886433073,0.085462846
2008-10-06 05:21:00,0,0.038555982894559124,0.04857411
2008-10-06 05:24:00,0,0.037689334384739974,0.0433977
2008-10-06 06:11:00,0,0.0359477723253371,0.04497075
2008-10-06 06:26:00,0,0.037880127344618555,0.04290205
2008-10-06 06:49:00,0,0.03166308907888906,0.019475825
2008-10-06 07:12:00,0,0.0327716079228605,0.024235819
2008-10-06 07:17:00,0,0.03209997635485856,0.0219433
2008-10-06 07:35:00,0,0.031856775213139295,0.018252607
2008-10-06 07:38:00,0,0.03923979197154452,0.0351396
2008-10-06 08:24:00,0,0.03347317874611675,0.03405665
2008-10-06 08:57:00,0,0.032054277616787495,0.027132353
2008-10-06 09:11:00,0,0.03971712547682964,0.07605805
2008-10-06 09:57:00,0,0.03539878932565086,0.033488713
2008-10-06 10:07:00,0,0.03277570450580428,0.018347064
2008-10-06 11:51:00,0,0.033944460800274426,0.03292856
2008-10-06 12:39:00,0,0.03495296229942813,0.035227057
2008-10-06 12:42:00,0,0.03632821582434064,0.03777307
2008-10-06 13:08:00,0,0.03781246273266012,0.04193376
2008-10-06 13:38:00,1,0.037696087527624135,0.036211934
2008-10-06 13:55:00,1,0.03596503511733343,0.042659838
2008-10-06 15:00:00,1,0.03406557930196596,0.050526634
2008-10-06 15:01:00,0,0.036457590852655986,0.028007457
2008-10-06 15:52:00,0,0.03676326767890411,0.029587997
2008-10-06 16:42:00,0,0.0346423157322964,0.0463614
2008-10-06 16:50:00,0,0.0359176576586407,0.027277272
2008-10-06 17:26:00,0,0.03560797742338935,0.030242747
2008-10-06 17:26:00,0,0.03399749487309106,0.025056027
2008-10-06 17:35:00,0,0.02964057284773182,0.022195091
2008-10-06 18:54:00,0,0.03609829376291074,0.030732369
2008-10-06 18:55:00,0,0.04286711816728603,0.0778515
2008-10-06 19:42:00,0,0.03219925772049853,0.020224433
2008-10-06 20:02:00,0,0.03394456610157197,0.030715685
2008-10-06 20:36:00,0,0.03768833867997274,0.048860207
2008-10-06 20:47:00,0,0.03284623230057288,0.030292662
2008-10-06 21:46:00,0,0.03452437532811486,0.0337036
2008-10-06 21:48:00,0,0.02990378827030793,0.018494818
2008-10-06 22:37:00,0,0.035217115190346523,0.036747992
2008-10-06 23:03:00,0,0.032320471862891054,0.027975773
2008-10-07 01:46:00,0,0.03247708466129263,0.0385386
2008-10-07 03:29:00,0,0.02873856805978515,0.028841782
2008-10-07 03:39:00,0,0.03997120625862012,0.055359606
2008-10-07 07:32:00,0,0.03501780168585273,0.05015447
2008-10-07 07:41:00,0,0.03450573290766537,0.038916726
2008-10-07 08:25:00,0,0.03174647536490336,0.02678418
2008-10-07 08:26:00,0,0.03068552849676937,0.028529989
2008-10-07 09:11:00,0,0.03680321586307071,0.05897633
2008-10-07 09:20:00,0,0.03612455272586207,0.03179409
2008-10-07 09:59:00,0,0.03292817285378936,0.019501885
2008-10-07 10:04:00,0,0.03209816934124574,0.022879897
2008-10-07 10:10:00,0,0.036647774975153556,0.02682243
2008-10-07 10:51:00,0,0.03045028023824063,0.02369032
2008-10-07 11:15:00,0,0.03198867461040866,0.028440531
2008-10-07 11:16:00,0,0.04962883449213764,0.11306603
2008-10-07 11:36:00,0,0.03929361751071015,0.058607496
2008-10-07 12:40:00,0,0.03332144788284859,0.027998086
2008-10-07 13:10:00,1,0.03645621493849558,0.025564764
2008-10-07 13:48:00,0,0.03667952032971602,0.06115308
2008-10-07 14:35:00,0,0.03498212701659636,0.05030705
2008-10-07 16:32:00,0,0.036225785681501484,0.03861533
2008-10-07 17:06:00,0,0.03851496545198905,0.036093812
2008-10-07 17:28:00,0,0.032050404467456425,0.019440962
2008-10-07 18:39:00,0,0.03352921384537082,0.029212972
2008-10-07 19:24:00,0,0.03195950203761427,0.027955566
2008-10-07 20:19:00,0,0.036765865700139407,0.051147494
2008-10-07 20:39:00,0,0.03322701914541975,0.057817385
2008-10-07 20:48:00,0,0.03656298722630196,0.030902803
2008-10-08 04:47:00,0,0.0323924204364493,0.02602781
2008-10-08 05:35:00,0,0.03686359413151662,0.038987108
2008-10-08 05:38:00,0,0.03220836675925442,0.024530275
2008-10-08 06:25:00,0,0.032436837428382874,0.024806475
2008-10-08 07:10:00,0,0.034763720802889087,0.020969594
2008-10-08 07:13:00,0,0.03084058700684938,0.026196145
2008-10-08 07:16:00,0,0.032991140317978375,0.035991177
2008-10-08 09:01:00,0,0.033721970938100095,0.029706184
2008-10-08 09:06:00,0,0.033129064452737396,0.042354695
2008-10-08 10:37:00,0,0.03194707521458715,0.022699565
2008-10-08 12:11:00,0,0.0319803425623877,0.021848138
2008-10-08 13:35:00,0,0.03795752895316076,0.049102284
2008-10-08 13:38:00,0,0.030831259987044723,0.02863584
2008-10-08 14:48:00,0,0.037151939869667916,0.0444294
2008-10-08 15:37:00,0,0.03688564621208467,0.061188195
2008-10-08 16:26:00,0,0.03845086044585589,0.03472626
2008-10-08 17:14:00,0,0.0356935558217736,0.03281127
2008-10-08 17:31:00,0,0.034592628552589495,0.036948714
2008-10-08 17:41:00,0,0.031909144636828805,0.02448979
2008-10-08 18:22:00,0,0.031901846515973616,0.021536067
2008-10-08 20:27:00,0,0.040998866969815785,0.06074411
2008-10-08 21:19:00,0,0.028922069648267355,0.022134077
2008-10-08 21:45:00,0,0.0319846974739668,0.025964964
2008-10-08 22:08:00,0,0.03532153199878241,0.041225936
2008-10-08 23:13:00,0,0.03794601698785915,0.050612934
2008-10-08 23:50:00,0,0.03720006656781638,0.05418243
2008-10-09 00:23:00,0,0.029164903156230885,0.021305555
2008-10-09 04:34:00,1,0.03349235017212671,0.024070373
2008-10-09 06:06:00,0,0.030599365265365896,0.015988242
2008-10-09 07:38:00,0,0.03662847818477028,0.047205247
2008-10-09 14:15:00,0,0.03139787129017593,0.02084235
2008-10-09 15:04:00,0,0.032190959257423324,0.02134422
2008-10-09 15:55:00,1,0.035087013277090184,0.025015203
2008-10-09 15:56:00,0,0.02968342171682759,0.033627447
2008-10-10 10:05:00,0,0.03824928646664689,0.055935994
2008-10-10 10:46:00,0,0.03239327646010233,0.024914548
2008-10-10 10:53:00,0,0.0378213189315833,0.03810736
2008-10-10 12:30:00,0,0.03456265553234044,0.019277934
2008-10-10 15:33:00,0,0.03732764053846225,0.038180094
2008-10-10 15:50:00,0,0.03827785201315459,0.06570982
2008-10-10 20:02:00,0,0.030807921556756317,0.023344222
2008-10-10 21:03:00,0,0.034046021164502525,0.034270324
2008-10-10 21:07:00,0,0.03372483683818394,0.027353486
2008-10-10 21:16:00,0,0.030489580361806226,0.024577243
2008-10-11 02:55:00,0,0.03151624304880587,0.033752646
2008-10-11 06:56:00,0,0.03921055305687686,0.059268747
2008-10-11 07:38:00,0,0.03210239726876895,0.033203244
2008-10-11 07:39:00,0,0.04283757682649208,0.06967304
2008-10-11 07:42:00,0,0.03363874171431193,0.04150837
2008-10-11 08:27:00,0,0.03632422706228908,0.027866168
2008-10-11 14:43:00,0,0.03776055747019997,0.039386734
2008-10-11 15:33:00,0,0.028567768419091134,0.021658864
2008-10-11 16:25:00,0,0.030362886949707367,0.024846131
2008-10-11 23:16:00,0,0.0325772925712422,0.022432132
2008-10-11 23:58:00,0,0.028956961074141415,0.019623628
2008-10-12 00:57:00,0,0.031090045777294958,0.025863484
2008-10-12 01:50:00,0,0.03600264992228369,0.0580465
2008-10-12 02:59:00,0,0.031241636158637016,0.023440057
2008-10-12 03:21:00,0,0.03588589975730886,0.03499496
2008-10-12 03:28:00,0,0.03698501414911089,0.05396512
2008-10-12 08:19:00,0,0.03295906896689786,0.028593712
2008-10-12 18:47:00,0,0.032817765300302525,0.03709619
2008-10-13 03:34:00,0,0.028515700162983996,0.020747371
2008-10-13 03:53:00,0,0.03333629098891264,0.029078035
2008-10-13 11:27:00,0,0.03141219966116247,0.026306152
2008-10-13 12:18:00,0,0.03544746001978127,0.03432372
2008-10-13 14:06:00,0,0.03239331035684692,0.027213404
2008-10-13 14:29:00,0,0.03690307076933355,0.04398505
2008-10-13 14:30:00,0,0.03171952142359276,0.036926497
2008-10-13 14:55:00,0,0.0321938004753131,0.031181939
2008-10-13 15:42:00,0,0.03213341566228971,0.04383956
2008-10-13 15:42:00,0,0.03760545716986872,0.039419707
2008-10-13 16:13:00,0,0.02789864046094309,0.015183329
2008-10-13 19:17:00,0,0.034851279913851285,0.033107746
2008-10-13 19:36:00,0,0.0345908117529371,0.038565435
2008-10-13 19:40:00,0,0.03305321086578377,0.0239118
2008-10-13 20:10:00,0,0.03515378030627434,0.08371162
2008-10-13 20:30:00,0,0.03340341096310102,0.033139348
2008-10-13 20:53:00,0,0.03662735819979736,0.050918903
2008-10-13 21:20:00,0,0.033738428179572615,0.026052408
2008-10-13 21:47:00,0,0.030597701737658505,0.025848905
2008-10-13 21:57:00,0,0.03234757560892017,0.02976543
2008-10-13 22:48:00,0,0.030333472601777572,0.023004757
2008-10-13 22:54:00,0,0.03344586595265731,0.03427496
2008-10-14 00:35:00,0,0.030625986396442182,0.02843315
2008-10-14 03:21:00,0,0.03400756673657943,0.030244486
2008-10-14 03:28:00,0,0.03394486480464937,0.034256753
2008-10-14 03:35:00,0,0.038698115019410624,0.052251574
2008-10-14 13:13:00,0,0.033143322548235765,0.035987068
2008-10-14 13:16:00,0,0.03271223417939447,0.019752042
2008-10-14 14:07:00,0,0.03502855447436887,0.029194586
2008-10-14 14:15:00,0,0.03457353688419733,0.023333518
2008-10-14 14:43:00,0,0.040678435515055976,0.09028197
2008-10-14 17:36:00,0,0.02966313551256295,0.023982821
2008-10-14 19:15:00,0,0.03302042014342532,0.027618052
2008-10-14 20:01:00,0,0.03870717886888521,0.041864116
2008-10-14 20:30:00,0,0.03785782309451413,0.036574535
2008-10-14 20:48:00,0,0.03349890484561159,0.02562932
2008-10-14 21:36:00,0,0.03726976640053506,0.042605147
2008-10-14 23:07:00,0,0.02977170626461349,0.029689193
2008-10-15 00:03:00,0,0.03433873678342381,0.027966348
2008-10-15 00:27:00,0,0.032752219538400254,0.023908785
2008-10-15 00:47:00,0,0.04226905596155242,0.065740846
2008-10-15 01:52:00,0,0.03350592499085129,0.024982788
2008-10-15 01:52:00,0,0.03422802410520788,0.03361213
2008-10-15 01:52:00,0,0.032979652834902756,0.032204133
2008-10-15 02:40:00,0,0.031901324278606084,0.033766195
2008-10-15 02:40:00,0,0.034348897642611995,0.028837103
2008-10-15 02:42:00,1,0.03510666468103876,0.0654549
2008-10-15 03:24:00,0,0.03710987429678998,0.03864615
2008-10-15 04:08:00,0,0.033438589937233726,0.031606913
2008-10-15 05:13:00,0,0.035941043797017805,0.028117556
2008-10-15 05:16:00,0,0.03419748341446932,0.034524065
2008-10-15 06:49:00,0,0.031326978251008226,0.03121216
2008-10-15 07:36:00,0,0.034804338314954324,0.02301603
2008-10-15 07:55:00,0,0.02877074112771856,0.020069411
2008-10-15 08:21:00,0,0.03737895555783908,0.035023082
2008-10-15 09:11:00,0,0.03374696139589074,0.057173185
2008-10-15 10:00:00,0,0.030837295359147053,0.030601213
2008-10-15 12:53:00,0,0.034605984506638016,0.031070074
2008-10-15 13:14:00,0,0.03299184773129219,0.031825796
2008-10-15 13:16:00,0,0.03194754586278186,0.029157808
2008-10-15 14:08:00,0,0.03279823666180718,0.028749868
2008-10-15 15:11:00,0,0.03324041433567365,0.026313707
2008-10-15 16:24:00,0,0.029368578129719065,0.01818138
2008-10-15 17:19:00,0,0.0314228660886934,0.033226807
2008-10-15 18:16:00,0,0.027757693910026787,0.015430904
2008-10-15 19:15:00,0,0.03437529408325804,0.03467964
2008-10-15 19:24:00,0,0.03379864336135067,0.05268209
2008-10-15 21:44:00,0,0.03696578966134291,0.046238713
2008-10-15 22:45:00,0,0.03386573903925551,0.026870823
2008-10-15 22:54:00,0,0.03716849524544737,0.055120446
2008-10-15 23:00:00,0,0.033315432928669356,0.023751087
2008-10-15 23:45:00,0,0.035038460463723727,0.029112225
2008-10-16 02:16:00,0,0.037815743263204575,0.036473215
2008-10-16 02:16:00,0,0.035407812722858575,0.027812822
2008-10-16 02:17:00,0,0.03575112390064312,0.034340072
2008-10-16 02:22:00,0,0.03238807366008402,0.021476187
2008-10-16 02:55:00,0,0.03377301276223993,0.02820219
2008-10-16 03:56:00,0,0.03665407909288036,0.046934865
2008-10-16 04:02:00,0,0.03505165849686181,0.032525733
2008-10-16 04:02:00,0,0.028980717256678376,0.027252613
2008-10-16 04:04:00,0,0.030626067044874562,0.019122552
2008-10-16 04:47:00,0,0.0324586844167195,0.021665752
2008-10-16 04:50:00,0,0.03826500789659311,0.06214065
2008-10-16 04:54:00,0,0.03241829945118687,0.023498334
2008-10-16 05:08:00,0,0.03312714502987912,0.019503804
2008-10-16 05:13:00,0,0.030519772438100494,0.018143985
2008-10-16 05:44:00,0,0.032034743381759705,0.030251943
2008-10-16 05:58:00,0,0.031299159780619444,0.031628594
2008-10-16 15:02:00,0,0.038649270871398765,0.032023195
2008-10-16 15:13:00,0,0.038637996158025815,0.04702915
2008-10-16 20:49:00,0,0.03157904133300998,0.026080305
2008-10-17 05:26:00,0,0.04086221226653522,0.03656053
2008-10-17 06:01:00,0,0.03919862369168959,0.06163888
2008-10-17 06:07:00,0,0.04012093678999383,0.053800825
