sample_id,true_class,predicted_class,selection_case,baseline_confidence,active_attribution_mass,active_area_fraction,active_attribution_lift,defect_attribution_mass_within_active,defect_area_fraction_within_active,defect_attribution_lift,top10_confidence_drop,random10_confidence_drop_mean,bottom10_confidence_drop,top_vs_random_advantage,top_vs_bottom_advantage,top10_prediction_changed,randomized_head_heatmap_correlation,heatmap_nonzero
center_high_confidence_correct_27941,Center,Center,high_confidence_correct,0.9999958276748657,0.9501644875391303,0.7626953125,1.2457982525481042,0.3153952675283173,0.28905249679897566,1.0911349011721632,0.9999947045291719,0.9988531659564615,0.00024646520614624023,0.0011415385727104876,0.9997482393230257,True,-0.30761083401903894,True
center_low_confidence_correct_127737,Center,Center,low_confidence_correct,0.4986878037452698,0.9422751959568446,0.7802734375,1.2076217780473202,0.09089669166878003,0.12202753441802253,0.7448867348036435,0.4986875177024501,0.49868778057294777,0.4951820415444672,-2.6287049764706083e-07,0.003505476157982912,True,0.04012402289587362,True
center_representative_error_61725,Center,none,representative_error,0.9706855416297913,0.8300026440842285,0.78173828125,1.0617397970546534,0.0666519962750837,0.0702685821361649,0.94853196476808,-0.029252827167510986,-0.029057961702346757,-0.024597764015197754,-0.00019486546516422898,-0.004655063152313232,False,-0.016063179499146558,True
donut_high_confidence_correct_6723,Donut,Donut,high_confidence_correct,0.9999998807907104,0.8810566005796595,0.78125,1.1277524487419641,0.5204002355791509,0.46375,1.1221568422191934,0.0014175176620483398,6.854534149169922e-06,2.0265579223632812e-06,0.00141066312789917,0.0014154911041259766,False,,True
donut_low_confidence_correct_51806,Donut,Donut,low_confidence_correct,0.5222083330154419,0.9709568946178458,0.7802734375,1.2443803004864507,0.2518315534734345,0.18366708385481853,1.3711305705299772,0.521282363915816,0.5085395976435393,0.1884450614452362,0.012742766272276662,0.33283730247057974,True,-0.4552088722432572,True
donut_representative_error_53876,Donut,Loc,representative_error,0.9522961378097534,0.9787165005821388,0.7802734375,1.2543250270289237,0.3069282668255666,0.19868585732165206,1.5447917177551354,0.3665565252304077,0.7920664492994547,0.03197664022445679,-0.425509924069047,0.3345798850059509,False,0.9411295316910212,True
edge_loc_high_confidence_correct_83707,Edge-Loc,Edge-Loc,high_confidence_correct,0.999997615814209,0.7844485246717258,0.78369140625,1.0009660925406196,0.31777875781069864,0.2102803738317757,1.5112145371442114,0.0009400248527526855,0.00033751726150510475,-1.430511474609375e-06,0.0006025075912475808,0.0009414553642272949,False,0.7386949977893608,True
edge_loc_low_confidence_correct_133011,Edge-Loc,Edge-Loc,low_confidence_correct,0.3962201476097107,0.8485635779560091,0.7626953125,1.1125852801881604,0.12107180237116524,0.0678617157490397,1.7840958047524538,0.3941329764202237,0.39582952454511544,0.0875152051448822,-0.001696548124891728,0.3066177712753415,True,0.41894572621572285,True
edge_loc_representative_error_79147,Edge-Loc,none,representative_error,0.99931800365448,0.8201501521877052,0.763671875,1.0739562095143351,0.1899192156213798,0.1780690537084399,1.0665481265057022,-0.0005856752395629883,-0.0003020942211151567,-0.0004234910011291504,-0.00028358101844783157,-0.0001621842384338379,False,0.44756147849462413,True
edge_ring_high_confidence_correct_10372,Edge-Ring,Edge-Ring,high_confidence_correct,1.0,0.7870389328654555,0.78369140625,1.0042714856750485,0.14434002750811925,0.12554517133956386,1.1497059263053668,3.2782554626464844e-05,0.9710562196793034,0.0,-0.971023437124677,3.2782554626464844e-05,False,0.37084747311446475,True
edge_ring_low_confidence_correct_25224,Edge-Ring,Edge-Ring,low_confidence_correct,0.5160355567932129,0.7797430084456777,0.7763671875,1.004348227230659,0.3625750369516865,0.30754716981132074,1.1789249667754225,0.5138758991379291,0.515610310646116,0.4025950953364372,-0.0017344115081868727,0.11128080380149186,True,-0.19476826266472114,True
edge_ring_representative_error_25588,Edge-Ring,Edge-Loc,representative_error,0.9837475419044495,0.8438122858094855,0.79296875,1.0641179564888092,0.30739744096876853,0.2546182266009852,1.2072876520756473,-0.014551639556884766,-0.006203222274780318,-0.010896861553192139,-0.008348417282104448,-0.003654778003692627,False,0.30945187192456647,True
loc_high_confidence_correct_9393,Loc,Loc,high_confidence_correct,0.9999957084655762,0.8106945337359721,0.7763671875,1.044215349114007,0.08721969581866203,0.03459119496855346,2.5214421154849567,0.9970716701354831,0.01587728857994075,8.344650268554688e-07,0.9811943815555424,0.9970708356704563,True,0.42392889017458013,True
loc_low_confidence_correct_125517,Loc,Loc,low_confidence_correct,0.3802936375141144,0.857731177833601,0.7685546875,1.1160314181723092,0.4416440807762396,0.40533672172808133,1.0895733278084658,-0.022909224033355713,0.3797794181213249,-0.19857779145240784,-0.4026886421546806,0.17566856741905212,False,0.16776462985438334,True
loc_representative_error_63604,Loc,none,representative_error,0.9947062134742737,0.8683235322479392,0.784912109375,1.106268487741076,0.08017512821884597,0.07060653188180405,1.135519987769118,-0.004989564418792725,-0.004838514328002974,-0.0025352835655212402,-0.0001510500907897505,-0.0024542808532714844,False,0.03007128774383743,True
near_full_high_confidence_correct_136999,Near-full,Near-full,high_confidence_correct,0.9996042847633362,0.7436042680277707,0.779296875,0.9541989604767384,0.9842231392202417,0.9855889724310777,0.9986141959284843,0.0010160207748413086,0.002434021234512307,0.03420603275299072,-0.0014180004596709983,-0.033190011978149414,False,-0.3544157215757121,True
near_full_low_confidence_correct_122743,Near-full,Near-full,low_confidence_correct,0.66985023021698,0.7413910430516877,0.7685546875,0.9646561983290066,0.8375216364403114,0.7671537484116899,1.0917259260927952,0.08093887567520142,0.6640911533730105,-0.2293298840522766,-0.5831522776978091,0.310268759727478,False,0.12600466637747862,True
near_full_representative_error_126184,Near-full,Random,representative_error,0.5011456608772278,0.7525759085769468,0.7685546875,0.9792093143364593,0.7274794852334926,0.758576874205845,0.9590056195624098,0.45171400159597397,-0.4253450453281402,0.4392312467098236,0.8770590469241142,0.01248275488615036,True,,True
random_high_confidence_correct_27614,Random,Random,high_confidence_correct,0.999998927116394,0.9044245055688975,0.7685546875,1.1767861419346266,0.5027071780235816,0.5050825921219823,0.9952969788793928,3.552436828613281e-05,0.0007545650005340576,2.7418136596679688e-06,-0.0007190406322479248,3.2782554626464844e-05,False,,True
random_low_confidence_correct_1805,Random,Random,low_confidence_correct,0.5367056131362915,0.8966876728398417,0.79638671875,1.1259450361594088,0.5363927204797395,0.4334763948497854,1.2374208304136565,0.3761289566755295,0.003534254431724504,0.3310377597808838,0.372594702243805,0.04509119689464569,True,-0.330750370074039,True
random_representative_error_127754,Random,Loc,representative_error,0.9185429215431213,0.9480409667433772,0.7802734375,1.2150112014333145,0.38282404581673724,0.2981852315394243,1.283846432770506,0.818830244243145,0.891876638121903,-0.05761396884918213,-0.073046393878758,0.8764442130923271,True,0.7934637507572071,True
scratch_high_confidence_correct_19100,Scratch,Scratch,high_confidence_correct,0.9999821186065674,0.8956513229589035,0.785400390625,1.1403754488155637,0.1009911719406725,0.06123717749456015,1.6491807113357535,0.003069639205932617,0.9986690941514098,-4.649162292480469e-06,-0.9955994549454772,0.0030742883682250977,False,-0.12172230273427391,True
scratch_low_confidence_correct_166947,Scratch,Scratch,low_confidence_correct,0.4603252410888672,0.7882696186152086,0.77978515625,1.0108805127889462,0.1523324994254629,0.09079524107701942,1.6777586316032016,0.45895127789117396,0.4600904268096201,0.34026916325092316,-0.0011391489184461312,0.1186821146402508,True,-0.3335046569834025,True
scratch_representative_error_122677,Scratch,none,representative_error,0.9923951625823975,0.8483461190373269,0.7685546875,1.103820109141325,0.08610222152363031,0.09339263024142312,0.9219380726407763,-0.00742417573928833,-0.007123684883117654,-0.006991028785705566,-0.0003004908561706765,-0.00043314695358276367,False,0.6608716171842773,True
none_high_confidence_correct_116323,none,none,high_confidence_correct,0.9999971389770508,0.7892014209943073,0.72509765625,1.088407077573294,0.10911430145396706,0.11043771043771043,0.9880166930435432,-2.5033950805664062e-06,1.611709594728783e-05,-1.7881393432617188e-06,-1.8620491027854236e-05,-7.152557373046875e-07,False,0.6239545571697972,True
none_low_confidence_correct_91342,none,none,low_confidence_correct,0.3517615795135498,0.8445835523704716,0.798828125,1.057278187808512,0.23613494690407097,0.3154034229828851,0.7486759169284111,-0.223760724067688,-0.4849425911903381,-0.6390151977539062,0.2611818671226501,0.41525447368621826,False,0.7688278186264992,True
none_representative_error_138722,none,Center,representative_error,0.9444685578346252,0.9077220054625168,0.75927734375,1.195507824557707,0.10333897535354494,0.08778135048231511,1.17723155073086,0.9444564360655932,0.9444683243089091,0.8724004328250885,-1.1888243315993918e-05,0.07205600324050465,True,-0.3530756370006677,True
