original_row_index,timestamp,label,catboost_probability,catboost_prediction,xgboost_probability,xgboost_prediction,models_agree,absolute_probability_gap
228,2008-08-17 03:46:00,0,0.06886806379152444,0,0.4722619,1,False,0.4033938418786416
1226,2008-10-02 00:22:00,0,0.06481232985068903,0,0.44436845,1,False,0.37955612198303595
9,2008-07-19 21:35:00,0,0.06159550329626693,0,0.36340636,1,False,0.3018108568531166
1377,2008-10-06 20:36:00,0,0.22325420801672854,1,0.018767836,0,False,0.2044863724443666
798,2008-09-12 05:11:00,0,0.05249712148429332,0,0.24243419,1,False,0.18993706723927084
41,2008-07-28 23:57:00,0,0.18349839932373002,1,0.013233876,0,False,0.17026452346792653
846,2008-09-15 02:04:00,0,0.1555699889272436,1,0.017196918,0,False,0.13837307102084007
58,2008-07-30 21:16:00,1,0.15144843740920627,1,0.017311431,0,False,0.13413700594167316
866,2008-09-16 19:34:00,0,0.14802086514089108,1,0.014471086,0,False,0.1335497793987751
232,2008-08-17 13:34:00,0,0.050578857043175884,0,0.17346802,1,False,0.1228891664954136
715,2008-09-03 14:29:00,0,0.01567033626233133,0,0.13462727,1,False,0.1189569314559838
1034,2008-09-23 12:46:00,0,0.12770572608024267,1,0.011358897,0,False,0.11634682887852577
1424,2008-10-08 14:48:00,0,0.11078397438459478,1,0.01178089,0,False,0.09900308467977129
130,2008-08-06 03:22:00,0,0.10878186789201756,1,0.01562941,0,False,0.09315245714830418
31,2008-07-27 22:28:00,0,0.10506337914926363,1,0.013597945,0,False,0.09146543439788175
1162,2008-09-28 21:08:00,0,0.1076379219999589,1,0.018944748,0,False,0.08869317425396815
458,2008-08-28 03:03:00,0,0.09909570234894036,1,0.012227307,0,False,0.0868683952751684
1239,2008-10-02 09:42:00,0,0.0948805468579825,1,0.013352365,0,False,0.08152818162497841
912,2008-09-19 15:31:00,0,0.09680170050981783,1,0.01636154,0,False,0.08044016032639288
527,2008-08-29 08:41:00,0,0.0835717171556415,1,0.011347085,0,False,0.07222463191813845
1334,2008-10-05 22:13:00,0,0.08668842678270759,1,0.017772164,0,False,0.0689162625869316
868,2008-09-16 21:21:00,0,0.08100348469504431,1,0.015949592,0,False,0.06505389270075873
1245,2008-10-02 15:44:00,0,0.07349112154206314,1,0.010644488,0,False,0.0628466335054306
1116,2008-09-27 00:16:00,0,0.07924347573671325,1,0.020546934,0,False,0.058696542100643956
345,2008-08-21 02:11:00,0,0.01309329561337673,0,0.061211914,1,False,0.04811861821070469
1,2008-07-19 12:32:00,0,0.008407168379821322,0,0.05284832,1,False,0.044441152074537735
1134,2008-09-27 15:30:00,0,0.0639090055043778,0,0.022088649,1,False,0.041820356752999735
269,2008-08-18 15:30:00,0,0.042946083869028824,0,0.07934617,1,False,0.03640008864254878
342,2008-08-20 22:45:00,0,0.06976974649165185,0,0.033490974,1,False,0.03627877203558
1218,2008-10-01 15:16:00,0,0.0637925756717247,0,0.028883535,1,False,0.034909040256790536
1027,2008-09-23 08:11:00,0,0.0699243564244788,0,0.10442429,1,False,0.03449993393454143
153,2008-08-07 11:10:00,0,0.06003237763051335,0,0.09404958,1,False,0.03401720276470836
611,2008-08-31 20:24:00,0,0.001785605097432062,0,0.03529217,1,False,0.033506565844397616
444,2008-08-24 07:12:00,0,0.010082263182764775,0,0.041507874,1,False,0.031425610501403085
1184,2008-09-29 21:26:00,0,0.05861730379146195,0,0.027676243,1,False,0.030941060456453326
840,2008-09-14 19:13:00,0,0.018157688526912092,0,0.048347827,1,False,0.030190138520197512
1236,2008-10-02 08:52:00,0,0.05068772658051196,0,0.02106998,1,False,0.029617747285377416
674,2008-09-02 10:25:00,0,0.007881982527255181,0,0.036343202,1,False,0.028461219467640755
288,2008-08-19 05:41:00,0,0.04031969952884667,0,0.06822125,1,False,0.02790154915746696
116,2008-08-05 07:48:00,0,0.06098869507080035,0,0.03367983,1,False,0.02730886329775767
1309,2008-10-05 05:31:00,0,0.022558601989642955,0,0.04962713,1,False,0.027068526998861454
62,2008-07-31 20:18:00,1,0.025305676753584572,0,0.047282472,1,False,0.021976795499261192
769,2008-09-09 00:25:00,0,0.022066268759378907,0,0.043270994,1,False,0.021204725218406204
233,2008-08-17 14:21:00,0,0.0491491175676377,0,0.06933877,1,False,0.02018965115298913
582,2008-08-30 11:57:00,0,0.033631200497940085,0,0.053796582,1,False,0.020165381426021554
1231,2008-10-02 04:24:00,0,0.04375857067325816,0,0.024116246,1,False,0.01964232464352355
464,2008-08-28 04:20:00,0,0.040195468829349,0,0.022666473,1,False,0.017528995887711958
706,2008-09-03 00:18:00,0,0.011167389618997447,0,0.026773697,1,False,0.015606307146306165
258,2008-08-18 11:04:00,0,0.045790084553126074,0,0.031002508,1,False,0.014787576076749541
520,2008-08-29 07:18:00,0,0.014625617293170775,0,0.0291202,1,False,0.01449458208913437
174,2008-08-09 22:15:00,0,0.05144828160934529,0,0.038364418,1,False,0.013083863758374066
313,2008-08-19 18:30:00,0,0.05575087630718299,0,0.04312592,1,False,0.012624956309490884
1036,2008-09-23 15:23:00,0,0.022881349990528436,0,0.034739703,1,False,0.011858352949458747
754,2008-09-08 03:32:00,0,0.036734480160524594,0,0.0251974,1,False,0.011537080380370365
713,2008-09-03 09:38:00,0,0.03612163322146455,0,0.025458125,1,False,0.010663507823901568
450,2008-08-27 00:46:00,0,0.01071257838746751,0,0.021284595,1,False,0.010572016744406575
627,2008-09-01 08:18:00,0,0.03765255559973087,0,0.027135827,1,False,0.010516728952449227
658,2008-09-02 03:35:00,0,0.03625371003052569,0,0.046569575,1,False,0.010315864593774315
79,2008-08-03 17:58:00,0,0.025734075178554555,0,0.034818523,1,False,0.009084447453567485
264,2008-08-18 14:01:00,0,0.02894460270984592,0,0.021079306,1,False,0.007865297150449178
435,2008-08-23 05:58:00,0,0.02255405319336977,0,0.030028624,1,False,0.0074745712667313585
1156,2008-09-28 18:34:00,0,0.018308295087932764,0,0.025536256,1,False,0.007227960823059858
1282,2008-10-03 22:08:00,0,0.035441675161970596,0,0.029751593,1,False,0.005690081914914588
569,2008-08-30 07:54:00,0,0.029747655171567338,0,0.034071278,1,False,0.004323622655457122
1033,2008-09-23 12:31:00,0,0.031030600254853418,0,0.034884553,1,False,0.003853953147808859
392,2008-08-22 01:04:00,1,0.027275299188292513,0,0.03005553,1,False,0.002780231180989256
708,2008-09-03 00:58:00,0,0.022817197928886947,0,0.021445084,1,False,0.0013721135656648252
893,2008-09-18 23:44:00,0,0.02022404779886393,0,0.021043707,1,False,0.0008196588864407134
1090,2008-09-25 22:05:00,0,0.03896971573546416,0,0.039655805,1,False,0.0006860888986300814
535,2008-08-29 13:49:00,0,0.036756713253399416,0,0.036110397,1,False,0.0006463158251252613
