model,case_type,test_position,original_row_index,timestamp,true_label,probability,threshold,rank,feature,feature_value_after_imputation,shap_value_raw_score,direction
CatBoost,TP,249,238,2008-08-17 23:04:00,1,0.7437781498747806,0.07179839120789556,1,feature_31,4.6521,-0.3997029399104548,toward_normal
CatBoost,TP,249,238,2008-08-17 23:04:00,1,0.7437781498747806,0.07179839120789556,2,feature_59,8.9764,0.34739311830207126,toward_defect
CatBoost,TP,249,238,2008-08-17 23:04:00,1,0.7437781498747806,0.07179839120789556,3,feature_103,-0.0035,0.3122383866846579,toward_defect
CatBoost,TP,249,238,2008-08-17 23:04:00,1,0.7437781498747806,0.07179839120789556,4,feature_21,-6375.0,-0.24261573903867376,toward_normal
CatBoost,TP,249,238,2008-08-17 23:04:00,1,0.7437781498747806,0.07179839120789556,5,feature_477,10.1224,0.23627375973940204,toward_defect
CatBoost,TP,249,238,2008-08-17 23:04:00,1,0.7437781498747806,0.07179839120789556,6,feature_205,15.27,0.21986677578482777,toward_defect
CatBoost,TP,249,238,2008-08-17 23:04:00,1,0.7437781498747806,0.07179839120789556,7,feature_488,452.1277,-0.20611925981477816,toward_normal
CatBoost,TP,249,238,2008-08-17 23:04:00,1,0.7437781498747806,0.07179839120789556,8,feature_86,2.3774,-0.19847848070170304,toward_normal
CatBoost,FN,234,231,2008-08-17 12:16:00,1,0.04288353424078839,0.07179839120789556,1,feature_59,0.7582,-0.3958262672511138,toward_normal
CatBoost,FN,234,231,2008-08-17 12:16:00,1,0.04288353424078839,0.07179839120789556,2,feature_577,23.3076,-0.3542560631702783,toward_normal
CatBoost,FN,234,231,2008-08-17 12:16:00,1,0.04288353424078839,0.07179839120789556,3,feature_200,13.27,-0.33026708425223755,toward_normal
CatBoost,FN,234,231,2008-08-17 12:16:00,1,0.04288353424078839,0.07179839120789556,4,feature_103,-0.0091,-0.315037820012057,toward_normal
CatBoost,FN,234,231,2008-08-17 12:16:00,1,0.04288353424078839,0.07179839120789556,5,feature_488,510.0592,-0.29518845650884995,toward_normal
CatBoost,FN,234,231,2008-08-17 12:16:00,1,0.04288353424078839,0.07179839120789556,6,feature_477,7.0841,0.28343054698983494,toward_defect
CatBoost,FN,234,231,2008-08-17 12:16:00,1,0.04288353424078839,0.07179839120789556,7,feature_446,1.0728,-0.26673281301435775,toward_normal
CatBoost,FN,234,231,2008-08-17 12:16:00,1,0.04288353424078839,0.07179839120789556,8,feature_160,267.0,-0.24030267715219156,toward_normal
CatBoost,FP,58,187,2008-08-10 19:07:00,0,0.6338934972950988,0.07179839120789556,1,feature_59,0.4836,-0.40073446591501666,toward_normal
CatBoost,FP,58,187,2008-08-10 19:07:00,0,0.6338934972950988,0.07179839120789556,2,feature_488,0.0,0.3918184187811824,toward_defect
CatBoost,FP,58,187,2008-08-10 19:07:00,0,0.6338934972950988,0.07179839120789556,3,feature_81,-0.0066,0.2548372459795504,toward_defect
CatBoost,FP,58,187,2008-08-10 19:07:00,0,0.6338934972950988,0.07179839120789556,4,feature_103,-0.0018,0.23118320411512797,toward_defect
CatBoost,FP,58,187,2008-08-10 19:07:00,0,0.6338934972950988,0.07179839120789556,5,feature_319,11.3662,-0.2192703361275416,toward_normal
CatBoost,FP,58,187,2008-08-10 19:07:00,0,0.6338934972950988,0.07179839120789556,6,feature_160,248.0,-0.17302855923051563,toward_normal
CatBoost,FP,58,187,2008-08-10 19:07:00,0,0.6338934972950988,0.07179839120789556,7,feature_86,2.4107,0.16635406695147184,toward_defect
CatBoost,FP,58,187,2008-08-10 19:07:00,0,0.6338934972950988,0.07179839120789556,8,feature_58,4.45,-0.1662142293820615,toward_normal
CatBoost,TN,67,730,2008-09-04 16:30:00,0,0.00043658252373926135,0.07179839120789556,1,feature_31,4.6848,-0.8817455144249055,toward_normal
CatBoost,TN,67,730,2008-09-04 16:30:00,0,0.00043658252373926135,0.07179839120789556,2,feature_213,0.0097,-0.4104949858020007,toward_normal
CatBoost,TN,67,730,2008-09-04 16:30:00,0,0.00043658252373926135,0.07179839120789556,3,feature_103,-0.0112,-0.39679501185835697,toward_normal
CatBoost,TN,67,730,2008-09-04 16:30:00,0,0.00043658252373926135,0.07179839120789556,4,feature_59,-1.5764,-0.34974968607326995,toward_normal
CatBoost,TN,67,730,2008-09-04 16:30:00,0,0.00043658252373926135,0.07179839120789556,5,feature_247,0.014,-0.34033112860805803,toward_normal
CatBoost,TN,67,730,2008-09-04 16:30:00,0,0.00043658252373926135,0.07179839120789556,6,feature_446,0.9083,-0.3228557092630285,toward_normal
CatBoost,TN,67,730,2008-09-04 16:30:00,0,0.00043658252373926135,0.07179839120789556,7,feature_200,10.67,-0.31517133088537136,toward_normal
CatBoost,TN,67,730,2008-09-04 16:30:00,0,0.00043658252373926135,0.07179839120789556,8,feature_519,3.0265,-0.27800563827162994,toward_normal
XGBoost,TP,110,11,2008-07-19 22:52:00,1,0.4284524917602539,0.021014438321193058,1,feature_59,25.0836,0.6369668245315552,toward_defect
XGBoost,TP,110,11,2008-07-19 22:52:00,1,0.4284524917602539,0.021014438321193058,2,feature_587,0.0279,0.39799365401268005,toward_defect
XGBoost,TP,110,11,2008-07-19 22:52:00,1,0.4284524917602539,0.021014438321193058,3,feature_103,-0.0059,0.35864099860191345,toward_defect
XGBoost,TP,110,11,2008-07-19 22:52:00,1,0.4284524917602539,0.021014438321193058,4,feature_200,13.78,-0.3294559121131897,toward_normal
XGBoost,TP,110,11,2008-07-19 22:52:00,1,0.4284524917602539,0.021014438321193058,5,feature_477,8.3929,0.29348480701446533,toward_defect
XGBoost,TP,110,11,2008-07-19 22:52:00,1,0.4284524917602539,0.021014438321193058,6,feature_21,-6097.75,-0.282918781042099,toward_normal
XGBoost,TP,110,11,2008-07-19 22:52:00,1,0.4284524917602539,0.021014438321193058,7,feature_70,635.6382,-0.1913931518793106,toward_normal
XGBoost,TP,110,11,2008-07-19 22:52:00,1,0.4284524917602539,0.021014438321193058,8,feature_488,141.3793,-0.19051289558410645,toward_normal
XGBoost,FN,82,58,2008-07-30 21:16:00,1,0.01731143146753311,0.021014438321193058,1,feature_75,-0.0578,-0.7764870524406433,toward_normal
XGBoost,FN,82,58,2008-07-30 21:16:00,1,0.01731143146753311,0.021014438321193058,2,feature_488,0.0,0.5998320579528809,toward_defect
XGBoost,FN,82,58,2008-07-30 21:16:00,1,0.01731143146753311,0.021014438321193058,3,feature_200,13.73,-0.4885127544403076,toward_normal
XGBoost,FN,82,58,2008-07-30 21:16:00,1,0.01731143146753311,0.021014438321193058,4,feature_59,15.9527,0.28941118717193604,toward_defect
XGBoost,FN,82,58,2008-07-30 21:16:00,1,0.01731143146753311,0.021014438321193058,5,feature_333,4.8044,-0.2776747941970825,toward_normal
XGBoost,FN,82,58,2008-07-30 21:16:00,1,0.01731143146753311,0.021014438321193058,6,feature_587,0.0301,0.24751055240631104,toward_defect
XGBoost,FN,82,58,2008-07-30 21:16:00,1,0.01731143146753311,0.021014438321193058,7,feature_511,0.0,-0.24737653136253357,toward_normal
XGBoost,FN,82,58,2008-07-30 21:16:00,1,0.01731143146753311,0.021014438321193058,8,feature_103,-0.0101,-0.24454882740974426,toward_normal
XGBoost,FP,295,1272,2008-10-03 12:31:00,0,0.7547303438186646,0.021014438321193058,1,feature_577,13.7332,0.44507062435150146,toward_defect
XGBoost,FP,295,1272,2008-10-03 12:31:00,0,0.7547303438186646,0.021014438321193058,2,feature_21,-5241.5,0.4443931579589844,toward_defect
XGBoost,FP,295,1272,2008-10-03 12:31:00,0,0.7547303438186646,0.021014438321193058,3,feature_103,-0.0065,0.41433027386665344,toward_defect
XGBoost,FP,295,1272,2008-10-03 12:31:00,0,0.7547303438186646,0.021014438321193058,4,feature_511,886.4865,0.37745264172554016,toward_defect
XGBoost,FP,295,1272,2008-10-03 12:31:00,0,0.7547303438186646,0.021014438321193058,5,feature_121,16.07,0.2640990614891052,toward_defect
XGBoost,FP,295,1272,2008-10-03 12:31:00,0,0.7547303438186646,0.021014438321193058,6,feature_587,0.0148,-0.25679147243499756,toward_normal
XGBoost,FP,295,1272,2008-10-03 12:31:00,0,0.7547303438186646,0.021014438321193058,7,feature_124,16.09,0.19429638981819153,toward_defect
XGBoost,FP,295,1272,2008-10-03 12:31:00,0,0.7547303438186646,0.021014438321193058,8,feature_488,939.5122,0.18567495048046112,toward_defect
XGBoost,TN,67,730,2008-09-04 16:30:00,0,0.0005893601919524372,0.021014438321193058,1,feature_31,4.6848,-0.43008604645729065,toward_normal
XGBoost,TN,67,730,2008-09-04 16:30:00,0,0.0005893601919524372,0.021014438321193058,2,feature_247,0.014,-0.34485089778900146,toward_normal
XGBoost,TN,67,730,2008-09-04 16:30:00,0,0.0005893601919524372,0.021014438321193058,3,feature_213,0.0097,-0.34077656269073486,toward_normal
XGBoost,TN,67,730,2008-09-04 16:30:00,0,0.0005893601919524372,0.021014438321193058,4,feature_488,450.6394,-0.3158703148365021,toward_normal
XGBoost,TN,67,730,2008-09-04 16:30:00,0,0.0005893601919524372,0.021014438321193058,5,feature_587,0.0084,-0.279594749212265,toward_normal
XGBoost,TN,67,730,2008-09-04 16:30:00,0,0.0005893601919524372,0.021014438321193058,6,feature_200,10.67,-0.27156612277030945,toward_normal
XGBoost,TN,67,730,2008-09-04 16:30:00,0,0.0005893601919524372,0.021014438321193058,7,feature_21,-6492.25,-0.25041282176971436,toward_normal
XGBoost,TN,67,730,2008-09-04 16:30:00,0,0.0005893601919524372,0.021014438321193058,8,feature_59,-1.5764,-0.2252606749534607,toward_normal
