feature,mean_abs_shap,normalized_importance,rank
feature_103,0.35217592,0.046977434,1
feature_488,0.31868115,0.0425095,2
feature_59,0.27840284,0.037136696,3
feature_587,0.25266314,0.03370323,4
feature_577,0.22323,0.029777085,5
feature_21,0.21994954,0.0293395,6
feature_477,0.20062503,0.026761765,7
feature_511,0.1848991,0.024664054,8
feature_333,0.15528578,0.020713873,9
feature_31,0.14402439,0.019211695,10
feature_75,0.14311068,0.019089812,11
feature_319,0.14041589,0.01873035,12
feature_281,0.13875727,0.018509103,13
feature_423,0.13111222,0.017489314,14
feature_200,0.12674296,0.01690649,15
feature_126,0.124569446,0.016616562,16
feature_180,0.120525725,0.016077163,17
feature_213,0.11956182,0.015948584,18
feature_247,0.11691228,0.015595158,19
feature_310,0.11189858,0.01492637,20
feature_433,0.10763301,0.014357378,21
feature_460,0.10564486,0.014092174,22
feature_63,0.10363365,0.013823895,23
feature_175,0.09968831,0.013297617,24
feature_130,0.092512116,0.0123403715,25
feature_280,0.08861359,0.0118203405,26
feature_14,0.08667016,0.011561102,27
feature_437,0.082704596,0.011032128,28
feature_431,0.081364274,0.010853339,29
feature_121,0.08046847,0.010733847,30
feature_129,0.079175636,0.010561393,31
feature_122,0.07797304,0.010400976,32
feature_68,0.075568,0.010080162,33
feature_351,0.07346627,0.009799809,34
feature_64,0.07142164,0.009527071,35
feature_183,0.06986408,0.009319306,36
feature_455,0.06911764,0.009219738,37
feature_160,0.06845474,0.009131311,38
feature_446,0.066812135,0.008912201,39
feature_227,0.0646962,0.008629953,40
feature_341,0.06456725,0.008612752,41
feature_573,0.064062335,0.0085454,42
feature_469,0.06323312,0.008434789,43
feature_205,0.06122651,0.008167123,44
feature_562,0.061166927,0.0081591755,45
feature_316,0.060720876,0.008099676,46
feature_434,0.05922987,0.0079007875,47
feature_499,0.05838056,0.007787497,48
feature_124,0.058152083,0.00775702,49
feature_295,0.05683181,0.007580906,50
feature_436,0.056744356,0.0075692404,51
feature_556,0.05623815,0.0075017163,52
feature_146,0.056182098,0.0074942396,53
feature_519,0.05335309,0.007116873,54
feature_203,0.053096164,0.007082601,55
feature_348,0.052756887,0.0070373444,56
feature_65,0.052168693,0.0069588837,57
feature_22,0.05170879,0.0068975366,58
feature_125,0.050018467,0.006672061,59
feature_510,0.049781326,0.006640428,60
feature_56,0.048933942,0.006527394,61
feature_298,0.04820121,0.0064296536,62
feature_100,0.048157416,0.006423812,63
feature_66,0.047708765,0.006363965,64
feature_70,0.04685446,0.0062500075,65
feature_197,0.04381984,0.0058452142,66
feature_435,0.042279538,0.00563975,67
feature_475,0.04171476,0.0055644135,68
feature_58,0.040606283,0.005416551,69
feature_163,0.04036608,0.0053845104,70
feature_79,0.037830204,0.0050462447,71
feature_127,0.036462907,0.004863858,72
feature_452,0.035676457,0.004758952,73
feature_294,0.033798818,0.00450849,74
feature_26,0.033379447,0.0044525494,75
feature_551,0.032475997,0.0043320367,76
feature_138,0.03172006,0.004231201,77
feature_365,0.030580755,0.004079227,78
feature_78,0.030267036,0.004037379,79
feature_123,0.030026384,0.004005278,80
feature_575,0.027491516,0.003667147,81
feature_411,0.026149498,0.0034881327,82
feature_28,0.026067581,0.0034772055,83
feature_164,0.02549,0.003400161,84
feature_159,0.02525931,0.0033693886,85
feature_99,0.02284006,0.0030466802,86
feature_550,0.020335304,0.002712566,87
feature_95,0.02029204,0.0027067948,88
feature_557,0.01871187,0.002496013,89
feature_471,0.01801596,0.002403184,90
feature_104,0.016722186,0.0022306049,91
feature_196,0.01600761,0.0021352863,92
feature_554,0.0139434645,0.001859946,93
feature_199,0.013251083,0.0017675878,94
feature_430,0.013138309,0.0017525447,95
feature_337,0.012260202,0.0016354123,96
feature_210,0.011221695,0.0014968838,97
feature_114,0.0,0.0,98
feature_387,0.0,0.0,99
feature_249,0.0,0.0,100
