epoch,train_loss,validation_loss,validation_accuracy,validation_balanced_accuracy,validation_macro_f1,validation_weighted_f1
1,0.477967849410147,0.5092013248551622,0.8577500708415982,0.7529756468849056,0.6294420134151564,0.8843113328141136
2,0.27260322583566793,0.16124419523256392,0.9563615755171436,0.795612994490471,0.7681291733777402,0.9592107623081689
3,0.235469567343631,0.15091052660815452,0.963729101728535,0.8855720869103834,0.8347192275242988,0.9653585598338119
4,0.2170978417613037,0.15380624803590306,0.957697445654374,0.8541563029430971,0.8200086085331103,0.9605889164494452
5,0.19584608097132652,0.15519711240478815,0.957899850220621,0.8828280979058766,0.8374207716320404,0.9617837709222401
6,0.18886536886059402,0.14488204954077358,0.9734040399951422,0.8427567782540422,0.8560066535702681,0.972267655987722
7,0.17442380461180665,0.11906566970230997,0.9702465287616888,0.895993362865464,0.8564713560511756,0.970979342084087
8,0.1694616927158294,0.12730402596584722,0.96474112455977,0.9119050010274362,0.8554378973414384,0.9671281527823956
9,0.15610084025646506,0.14534242436291597,0.9568068655628871,0.929225663751641,0.84975768093461,0.9605814153884004
10,0.15029152197575252,0.0969284135319417,0.9755495283973606,0.9155491519312666,0.8811547797471021,0.976007407136972
11,0.1418490005659097,0.11805077618104033,0.9678176739667247,0.9093782758235521,0.8639741164853605,0.969410074637549
12,0.13449368608763856,0.10609220211534265,0.9706918188074323,0.9248823643027188,0.8781690609380484,0.9722541541409923
13,0.12483927484109802,0.09967580595822564,0.9728373072096507,0.9333686557022823,0.8745111533521519,0.9737300085977746
14,0.11829901652597008,0.09387063180725183,0.9748613528721208,0.9349565999231889,0.8932980640022156,0.9756765417338576
15,0.11247318478034032,0.09446748015559965,0.9744160628263774,0.9339052080389867,0.8931513526338679,0.9753062770279668
16,0.10593287517301095,0.12033962968056613,0.9651864146055135,0.9471173679862326,0.8737144087235168,0.9677812254234652
17,0.1014184334378276,0.09466821630995259,0.9728373072096507,0.9308268068638367,0.8897163853831191,0.9740286148610412
18,0.09541957940924319,0.09240047161995976,0.974375581913128,0.9427032023825149,0.8939373926842276,0.9754094041083607
19,0.09611398399753553,0.08714310983515981,0.9766020321418452,0.9304081334488092,0.8941219834586034,0.9773103518852507
20,0.09445034361149915,0.08743878798856768,0.9758733757033559,0.9381659966635277,0.8981296544649501,0.9767107701239155
