epoch,learning_rate,train_loss,validation_loss,validation_accuracy,validation_balanced_accuracy,validation_macro_f1,validation_weighted_f1
1,0.001,0.040426724718169015,0.04132793306404389,0.9038983119459175,0.4211851245890009,0.36437263431269906,0.9027927212747697
2,0.0009938441702975688,0.02467534378235135,0.020691160346816697,0.9448245152410638,0.7168105347222337,0.6797958674434929,0.9399027425575999
3,0.0009755282581475768,0.01841169201801094,0.015693085600736192,0.9535683925029349,0.7829009628452182,0.7209001129196955,0.9523418960688991
4,0.0009455032620941839,0.01510764330942031,0.014232980938909488,0.958507063919362,0.7844340637414955,0.7493175688482625,0.9564129491043665
5,0.0009045084971874737,0.01411933808370488,0.012240638215757885,0.9550661862931628,0.818472728494391,0.7534714070267171,0.9549081410121818
6,0.0008535533905932737,0.01222099094444617,0.010887455434852434,0.9681010403594705,0.8334615500357225,0.8331288512971535,0.9667012213921709
7,0.0007938926261462366,0.010846705368092836,0.009596228127157462,0.9660769946970004,0.8442973891583136,0.8224963374428483,0.9659533623560458
8,0.0007269952498697733,0.010525263199553658,0.06570299419319997,0.5633323887786909,0.7174596687668645,0.5844735537997855,0.6985604570119694
9,0.0006545084971874737,0.00983165533654823,0.008111111248916473,0.9684653685787151,0.8692112978852902,0.8441504848882663,0.9684435870084398
10,0.0005782172325201155,0.008861743690076421,0.012440373676954622,0.9300489819050318,0.8789657234520374,0.723727956145602,0.937574262957115
11,0.0005,0.008762302706557997,0.007334421491614962,0.96474112455977,0.888473329668154,0.8341979400381638,0.9654129225967324
12,0.0004217827674798847,0.008314067991456007,0.008279845007229917,0.9564425373436425,0.9077453555468052,0.8268231694135149,0.9589332237472364
13,0.00034549150281252633,0.007708060556954211,0.007480462354759475,0.9623527506780553,0.899984534524859,0.8229413354844928,0.9647535428852091
