stage,artifact_path,size_bytes,sha256,hash_mode
raw,데이터/SECOM 데이터셋/raw/secom.data,5388416,4503BDB42E63687D1C7586BDC1796DF9A7CB5AE9CC9C0443D84957A446DE3AAF,UTF-8-with-canonical-LF
raw,데이터/SECOM 데이터셋/raw/secom_labels.data,39071,2FB2E8B5DFE77BA96ECF0960FF00F2BA9311795383A8342D4588A7CB37C816EF,UTF-8-with-canonical-LF
raw_documentation,데이터/SECOM 데이터셋/raw/secom.names,4223,6D91B0B46CDEE03064EE3E3112F937C1B3F7FCD9933575794EC07974E6F1EA59,raw-bytes
processed,데이터/SECOM 데이터셋/processed/X_train.csv,3940558,F4C52BB4BFC216C3A0ED162EF3BAE028C8CE7F82DA5C7DF960C98E933F1E7A73,UTF-8-with-canonical-LF
processed,데이터/SECOM 데이터셋/processed/X_test.csv,990685,637955A0D8F89FC7AADED42AF98C96ACCE92B653870642DD7F8DE7E3B0974D5B,UTF-8-with-canonical-LF
processed,데이터/SECOM 데이터셋/processed/y_train.csv,7885,1B21BDAFDDE8EFAE121E3560AE99CF56F8B56C2337D3B2B1336D64D58148D75C,UTF-8-with-canonical-LF
processed,데이터/SECOM 데이터셋/processed/y_test.csv,2000,3AFF0847881A0ECEC90595FB2D9A86FA7C6063591CA53AA5B1E1C732A5B17F44,UTF-8-with-canonical-LF
preprocessor,데이터/SECOM 데이터셋/processed/median_imputer.joblib,10471,4DB34C7C32A9BCD8186E71DE38EDA094C0DD41655FA22B452BF714C52DE630F4,raw-bytes
metadata,데이터/SECOM 데이터셋/processed/preprocessing_metadata.json,3009,DB8DF3E0C79821B462661053F8C3013EC5C9478575E1564A1A44CA3CB864878A,UTF-8-with-canonical-LF
