seed,stress_mode,none_logit_bias,baseline_accuracy,robust_accuracy,delta_accuracy,baseline_balanced_accuracy,robust_balanced_accuracy,delta_balanced_accuracy,baseline_macro_f1,robust_macro_f1,delta_macro_f1,baseline_weighted_f1,robust_weighted_f1,delta_weighted_f1,baseline_weak_recall,robust_weak_recall,delta_weak_recall,baseline_none_recall,robust_none_recall,delta_none_recall,baseline_prediction_stability,robust_prediction_stability,delta_prediction_stability
17,clean,1.155,0.9723110553374084,0.9800024288547949,0.007691373517386579,0.8507197630571939,0.916881855127057,0.06616209206986312,0.8695158013082949,0.9109384253176932,0.041422624009398334,0.9717600943394383,0.9798255953999178,0.00806550106047943,0.7360606140791899,0.8295302526468676,0.09346963856767776,0.9921173844911915,0.9923548126691676,0.00023742817797611782,,,
17,dropout1,1.155,0.970570376067684,0.9789499251103105,0.0083795490426265,0.8514097333305896,0.905204978587717,0.05379524525712742,0.8688106320852886,0.9011016710798465,0.032291038994557875,0.9699028220694528,0.978770362720847,0.008867540651394279,0.712581184820607,0.8198606958152882,0.10727951099468125,0.9923548126691676,0.9920698988555962,-0.0002849138135714302,0.991256122738129,0.997490183378537,0.00623406064040799
17,shift4,1.155,0.968951139537708,0.9779783831923248,0.009027243654616823,0.8242012936536924,0.9052655366971583,0.08106424304346582,0.8568792502349348,0.9035119565369824,0.04663270630204752,0.9677711398728492,0.9776766324551682,0.009905492582318987,0.7022765561465252,0.8163463376053675,0.11406978145884228,0.9941117811861911,0.9921648701267867,-0.001946911059404477,0.9880176496781767,0.9923895883091123,0.004371938630935546
42,clean,1.155,0.9777759786260778,0.9803262761607902,0.0025502975347123646,0.89431889037092,0.9253121747951614,0.03099328442424132,0.8919222909903313,0.9103855104222158,0.01846321943188456,0.9776836725703122,0.9803739908663168,0.0026903182960046346,0.8173730370840794,0.8453132580067564,0.027940220922677006,0.9925922408471437,0.9906453297877392,-0.001946911059404477,,,
42,dropout1,1.155,0.9726349026434037,0.9799619479415456,0.0073270452981418766,0.8976595992585366,0.926492007600318,0.028832408341781468,0.8865977625897902,0.9122555814093126,0.02565781881952245,0.9731700515545109,0.980063786893448,0.0068937353389371125,0.8006682955083367,0.8518724328837847,0.05120413737544793,0.9877487060164301,0.989980530889406,0.002231824872975907,0.9842529247459822,0.9965591223738007,0.012306197627818483
42,shift4,1.155,0.9728373072096507,0.9774116504068332,0.004574343197182529,0.8674944032520815,0.9150272322117216,0.04753282895964006,0.8781679644674827,0.8979243336042955,0.01975636913681278,0.9723276982318964,0.9773467185621283,0.005019020330231938,0.7799631893543143,0.829491736715679,0.049528547361364694,0.993874353008215,0.989980530889406,-0.003893822118809065,0.986641298627697,0.9905274662996397,0.0038861676719427196
2026,clean,1.155,0.9790308869368093,0.979800024288548,0.000769137351738669,0.9217172333612046,0.920935399889556,-0.0007818334716486186,0.8991887314073885,0.9057622672952572,0.006573535887868687,0.9790436353228165,0.9797938726409215,0.0007502373181050848,0.8253972874199912,0.8356166518189222,0.010219364398931008,0.9900280165250012,0.9909777292369059,0.0009497127119046933,,,
2026,dropout1,1.155,0.9759948184431041,0.9794356960693034,0.003440877626199268,0.9074770865124412,0.922378459124443,0.014901372612001862,0.8942154900778527,0.9076069203608758,0.013391430283023031,0.9760637339753918,0.9794573536380774,0.0033936196626855875,0.7898262078860635,0.8377044505011481,0.047878242615084554,0.9885084761859537,0.9903604159741678,0.0018519397882140742,0.9896773671214023,0.996882969679796,0.007205602558393642
2026,shift4,1.155,0.9755495283973606,0.9778164595393272,0.0022669311419665217,0.8972364905379657,0.9173413836262235,0.020104893088257803,0.8870515259771916,0.9038542335148974,0.01680270753770574,0.9750637200797,0.9776658650935733,0.002602145013873347,0.7836504282324716,0.824232106997845,0.04058167876537344,0.9923548126691676,0.9907877866945249,-0.001567025974642644,0.9871270695866898,0.991458527304376,0.004331457717686171
