label_id,class_name,support,lot_count,weighted_recall,median_lot_recall,p10_lot_recall,min_lot_recall,max_lot_recall,lots_with_errors,error_free_lot_rate
0,Center,613,249,0.9380097879282219,1.0,0.5,0.0,1.0,34,0.8634538152610441
1,Donut,79,37,0.8481012658227848,1.0,0.0,0.0,1.0,7,0.8108108108108109
2,Edge-Loc,741,468,0.8029689608636977,1.0,0.0,0.0,1.0,122,0.7393162393162394
3,Edge-Ring,1383,146,0.9624005784526392,1.0,0.0,0.0,1.0,35,0.7602739726027398
4,Loc,513,343,0.7738791423001949,1.0,0.0,0.0,1.0,101,0.7055393586005831
5,Near-full,21,20,0.9047619047619048,1.0,0.9000000000000001,0.0,1.0,2,0.9
6,Random,124,53,0.8629032258064516,1.0,0.0,0.0,1.0,16,0.6981132075471698
7,Scratch,170,150,0.7176470588235294,1.0,0.0,0.0,1.0,44,0.7066666666666667
8,none,21061,940,0.993827453587199,1.0,0.9598333333333333,0.0,1.0,110,0.8829787234042553
