original_row_index,timestamp,label,catboost_calibration_method,catboost_probability,catboost_threshold,catboost_prediction,xgboost_calibration_method,xgboost_probability,xgboost_threshold,xgboost_prediction
1253,2008-10-02 20:54:00,0,sigmoid,0.035530763717972404,0.033531569640967436,1,sigmoid,0.03794153,0.029614564031362534,1
1254,2008-10-02 21:32:00,1,sigmoid,0.038381363211260094,0.033531569640967436,1,sigmoid,0.040712614,0.029614564031362534,1
1255,2008-10-02 21:33:00,0,sigmoid,0.038329223898787894,0.033531569640967436,1,sigmoid,0.044881996,0.029614564031362534,1
1256,2008-10-02 22:23:00,0,sigmoid,0.03654846881103567,0.033531569640967436,1,sigmoid,0.040933475,0.029614564031362534,1
1257,2008-10-02 22:33:00,0,sigmoid,0.037348174208402654,0.033531569640967436,1,sigmoid,0.054171056,0.029614564031362534,1
1258,2008-10-02 23:32:00,0,sigmoid,0.030553091970985814,0.033531569640967436,0,sigmoid,0.018439302,0.029614564031362534,0
1259,2008-10-02 23:32:00,0,sigmoid,0.033649116486822075,0.033531569640967436,1,sigmoid,0.020203305,0.029614564031362534,0
1260,2008-10-03 00:24:00,0,sigmoid,0.034331939547594024,0.033531569640967436,1,sigmoid,0.040851038,0.029614564031362534,1
1261,2008-10-03 00:55:00,0,sigmoid,0.0351161880666744,0.033531569640967436,1,sigmoid,0.029255314,0.029614564031362534,0
1262,2008-10-03 02:41:00,0,sigmoid,0.04075447295070242,0.033531569640967436,1,sigmoid,0.07272734,0.029614564031362534,1
1263,2008-10-03 03:52:00,0,sigmoid,0.03877458876481404,0.033531569640967436,1,sigmoid,0.058312055,0.029614564031362534,1
1264,2008-10-03 03:56:00,0,sigmoid,0.03455888877870162,0.033531569640967436,1,sigmoid,0.016652182,0.029614564031362534,0
1265,2008-10-03 04:49:00,0,sigmoid,0.033932590972418,0.033531569640967436,1,sigmoid,0.023224829,0.029614564031362534,0
1266,2008-10-03 05:01:00,0,sigmoid,0.0381246715205853,0.033531569640967436,1,sigmoid,0.038459677,0.029614564031362534,1
1267,2008-10-03 05:45:00,0,sigmoid,0.037778888856367814,0.033531569640967436,1,sigmoid,0.037942156,0.029614564031362534,1
1268,2008-10-03 06:15:00,0,sigmoid,0.03292788915387317,0.033531569640967436,0,sigmoid,0.017062375,0.029614564031362534,0
1269,2008-10-03 08:35:00,0,sigmoid,0.03587848842606754,0.033531569640967436,1,sigmoid,0.034977797,0.029614564031362534,1
1270,2008-10-03 09:30:00,0,sigmoid,0.030182368265055583,0.033531569640967436,0,sigmoid,0.017584082,0.029614564031362534,0
1271,2008-10-03 11:40:00,0,sigmoid,0.03726047666220504,0.033531569640967436,1,sigmoid,0.02670963,0.029614564031362534,0
1272,2008-10-03 12:31:00,0,sigmoid,0.03642115096803279,0.033531569640967436,1,sigmoid,0.043095108,0.029614564031362534,1
1273,2008-10-03 18:45:00,0,sigmoid,0.03377770101104351,0.033531569640967436,1,sigmoid,0.041518956,0.029614564031362534,1
1274,2008-10-03 19:23:00,0,sigmoid,0.04034269026080676,0.033531569640967436,1,sigmoid,0.06698839,0.029614564031362534,1
1275,2008-10-03 19:23:00,0,sigmoid,0.035266955150501836,0.033531569640967436,1,sigmoid,0.044317447,0.029614564031362534,1
1276,2008-10-03 20:11:00,0,sigmoid,0.03733086501848061,0.033531569640967436,1,sigmoid,0.057427075,0.029614564031362534,1
1277,2008-10-03 20:26:00,0,sigmoid,0.03372723901413458,0.033531569640967436,1,sigmoid,0.054051623,0.029614564031362534,1
1278,2008-10-03 20:35:00,0,sigmoid,0.03557271087080762,0.033531569640967436,1,sigmoid,0.02864902,0.029614564031362534,0
1279,2008-10-03 20:46:00,0,sigmoid,0.034876963097693274,0.033531569640967436,1,sigmoid,0.034390252,0.029614564031362534,1
1280,2008-10-03 21:15:00,0,sigmoid,0.040323938207346706,0.033531569640967436,1,sigmoid,0.032443814,0.029614564031362534,1
1281,2008-10-03 21:52:00,0,sigmoid,0.03758263663208602,0.033531569640967436,1,sigmoid,0.043435268,0.029614564031362534,1
1282,2008-10-03 22:08:00,0,sigmoid,0.03259495245402943,0.033531569640967436,0,sigmoid,0.026296787,0.029614564031362534,0
1283,2008-10-03 22:53:00,0,sigmoid,0.039964827893116825,0.033531569640967436,1,sigmoid,0.08164162,0.029614564031362534,1
1284,2008-10-03 23:46:00,0,sigmoid,0.03422698169548463,0.033531569640967436,1,sigmoid,0.025009783,0.029614564031362534,0
1285,2008-10-04 00:58:00,0,sigmoid,0.03798204805503762,0.033531569640967436,1,sigmoid,0.06883863,0.029614564031362534,1
1286,2008-10-04 01:49:00,0,sigmoid,0.031682016756261915,0.033531569640967436,0,sigmoid,0.026915614,0.029614564031362534,0
1287,2008-10-04 02:36:00,0,sigmoid,0.030903478817427874,0.033531569640967436,0,sigmoid,0.02249308,0.029614564031362534,0
1288,2008-10-04 03:53:00,0,sigmoid,0.03398317772996866,0.033531569640967436,1,sigmoid,0.021872845,0.029614564031362534,0
1289,2008-10-04 04:12:00,0,sigmoid,0.03553026940961101,0.033531569640967436,1,sigmoid,0.041420374,0.029614564031362534,1
1290,2008-10-04 04:45:00,0,sigmoid,0.03363807048077279,0.033531569640967436,1,sigmoid,0.031055683,0.029614564031362534,1
1291,2008-10-04 09:29:00,0,sigmoid,0.032609732341636576,0.033531569640967436,0,sigmoid,0.022785187,0.029614564031362534,0
1292,2008-10-04 15:16:00,0,sigmoid,0.03832467796803141,0.033531569640967436,1,sigmoid,0.06038144,0.029614564031362534,1
1293,2008-10-04 16:58:00,0,sigmoid,0.04013900481507735,0.033531569640967436,1,sigmoid,0.05322025,0.029614564031362534,1
1294,2008-10-04 18:15:00,0,sigmoid,0.036069640346427165,0.033531569640967436,1,sigmoid,0.03864858,0.029614564031362534,1
1295,2008-10-04 18:25:00,0,sigmoid,0.034883094554604144,0.033531569640967436,1,sigmoid,0.026021235,0.029614564031362534,0
1296,2008-10-04 18:59:00,0,sigmoid,0.034722684635710314,0.033531569640967436,1,sigmoid,0.021482585,0.029614564031362534,0
1297,2008-10-04 19:12:00,0,sigmoid,0.03481061088203499,0.033531569640967436,1,sigmoid,0.027799,0.029614564031362534,0
1298,2008-10-04 19:47:00,0,sigmoid,0.035005893289632765,0.033531569640967436,1,sigmoid,0.035385095,0.029614564031362534,1
1299,2008-10-04 19:54:00,0,sigmoid,0.03777832708044754,0.033531569640967436,1,sigmoid,0.0435676,0.029614564031362534,1
1300,2008-10-04 20:39:00,0,sigmoid,0.03444158186182194,0.033531569640967436,1,sigmoid,0.04248213,0.029614564031362534,1
1301,2008-10-04 22:06:00,0,sigmoid,0.03546835292686385,0.033531569640967436,1,sigmoid,0.03222111,0.029614564031362534,1
1302,2008-10-04 23:18:00,1,sigmoid,0.03455540447406284,0.033531569640967436,1,sigmoid,0.03161784,0.029614564031362534,1
1303,2008-10-05 00:33:00,1,sigmoid,0.03557707770943571,0.033531569640967436,1,sigmoid,0.05323801,0.029614564031362534,1
1304,2008-10-05 00:33:00,0,sigmoid,0.042028280213971245,0.033531569640967436,1,sigmoid,0.07894019,0.029614564031362534,1
1305,2008-10-05 01:35:00,0,sigmoid,0.03578563546106456,0.033531569640967436,1,sigmoid,0.021463754,0.029614564031362534,0
1306,2008-10-05 04:01:00,0,sigmoid,0.03700749273742525,0.033531569640967436,1,sigmoid,0.04803759,0.029614564031362534,1
1307,2008-10-05 04:20:00,0,sigmoid,0.04090794376201631,0.033531569640967436,1,sigmoid,0.06089199,0.029614564031362534,1
1308,2008-10-05 04:48:00,0,sigmoid,0.035398716641658216,0.033531569640967436,1,sigmoid,0.031548835,0.029614564031362534,1
1309,2008-10-05 05:31:00,0,sigmoid,0.034951905196359136,0.033531569640967436,1,sigmoid,0.038327314,0.029614564031362534,1
1310,2008-10-05 05:53:00,0,sigmoid,0.03584704142847986,0.033531569640967436,1,sigmoid,0.024594521,0.029614564031362534,0
1311,2008-10-05 06:15:00,0,sigmoid,0.034286491293590085,0.033531569640967436,1,sigmoid,0.032286573,0.029614564031362534,1
1312,2008-10-05 08:02:00,0,sigmoid,0.036014820081204414,0.033531569640967436,1,sigmoid,0.028238634,0.029614564031362534,0
1313,2008-10-05 08:40:00,0,sigmoid,0.03719801210638128,0.033531569640967436,1,sigmoid,0.033578098,0.029614564031362534,1
1314,2008-10-05 09:04:00,0,sigmoid,0.03426998779613012,0.033531569640967436,1,sigmoid,0.021665245,0.029614564031362534,0
1315,2008-10-05 09:47:00,0,sigmoid,0.03229442076174921,0.033531569640967436,0,sigmoid,0.021917295,0.029614564031362534,0
1316,2008-10-05 10:00:00,0,sigmoid,0.03567842578259057,0.033531569640967436,1,sigmoid,0.08010962,0.029614564031362534,1
1317,2008-10-05 10:43:00,0,sigmoid,0.03519827875966493,0.033531569640967436,1,sigmoid,0.021645647,0.029614564031362534,0
1318,2008-10-05 11:05:00,0,sigmoid,0.03740825488365106,0.033531569640967436,1,sigmoid,0.045409523,0.029614564031362534,1
1319,2008-10-05 11:30:00,0,sigmoid,0.034010631761706045,0.033531569640967436,1,sigmoid,0.03721393,0.029614564031362534,1
1320,2008-10-05 12:03:00,0,sigmoid,0.0381043131528107,0.033531569640967436,1,sigmoid,0.0638418,0.029614564031362534,1
1321,2008-10-05 12:17:00,0,sigmoid,0.03692260556837989,0.033531569640967436,1,sigmoid,0.04198967,0.029614564031362534,1
1322,2008-10-05 13:49:00,0,sigmoid,0.03521488695075797,0.033531569640967436,1,sigmoid,0.027867408,0.029614564031362534,0
1323,2008-10-05 14:34:00,0,sigmoid,0.03610186828260055,0.033531569640967436,1,sigmoid,0.056384962,0.029614564031362534,1
1324,2008-10-05 15:30:00,1,sigmoid,0.03830179292828623,0.033531569640967436,1,sigmoid,0.043373395,0.029614564031362534,1
1325,2008-10-05 15:35:00,1,sigmoid,0.03476113982671811,0.033531569640967436,1,sigmoid,0.03138922,0.029614564031362534,1
1326,2008-10-05 16:15:00,0,sigmoid,0.04190720281331009,0.033531569640967436,1,sigmoid,0.079804525,0.029614564031362534,1
1327,2008-10-05 16:37:00,1,sigmoid,0.04131215975053477,0.033531569640967436,1,sigmoid,0.044311017,0.029614564031362534,1
1328,2008-10-05 16:49:00,1,sigmoid,0.036274195300968794,0.033531569640967436,1,sigmoid,0.053300932,0.029614564031362534,1
1329,2008-10-05 18:46:00,1,sigmoid,0.03649993148667758,0.033531569640967436,1,sigmoid,0.03717474,0.029614564031362534,1
1330,2008-10-05 18:59:00,0,sigmoid,0.03585891848646251,0.033531569640967436,1,sigmoid,0.04369841,0.029614564031362534,1
1331,2008-10-05 19:45:00,0,sigmoid,0.03622283059113797,0.033531569640967436,1,sigmoid,0.036240835,0.029614564031362534,1
1332,2008-10-05 20:12:00,0,sigmoid,0.03493159734159121,0.033531569640967436,1,sigmoid,0.026829096,0.029614564031362534,0
1333,2008-10-05 20:30:00,0,sigmoid,0.040810812257298275,0.033531569640967436,1,sigmoid,0.10504323,0.029614564031362534,1
1334,2008-10-05 22:13:00,0,sigmoid,0.03733487120899338,0.033531569640967436,1,sigmoid,0.031310342,0.029614564031362534,1
1335,2008-10-06 00:41:00,0,sigmoid,0.03358135286929014,0.033531569640967436,1,sigmoid,0.022490678,0.029614564031362534,0
1336,2008-10-06 01:25:00,0,sigmoid,0.034028973238888996,0.033531569640967436,1,sigmoid,0.034285817,0.029614564031362534,1
1337,2008-10-06 01:27:00,0,sigmoid,0.037474694236401825,0.033531569640967436,1,sigmoid,0.0410218,0.029614564031362534,1
1338,2008-10-06 01:30:00,0,sigmoid,0.03876441912757447,0.033531569640967436,1,sigmoid,0.033193678,0.029614564031362534,1
1339,2008-10-06 02:44:00,0,sigmoid,0.037221161735355814,0.033531569640967436,1,sigmoid,0.046955306,0.029614564031362534,1
1340,2008-10-06 02:49:00,0,sigmoid,0.03696872070561606,0.033531569640967436,1,sigmoid,0.039213896,0.029614564031362534,1
1341,2008-10-06 03:31:00,0,sigmoid,0.03470173671428741,0.033531569640967436,1,sigmoid,0.030744253,0.029614564031362534,1
1342,2008-10-06 03:50:00,1,sigmoid,0.033947651144623864,0.033531569640967436,1,sigmoid,0.028561987,0.029614564031362534,0
1343,2008-10-06 03:57:00,1,sigmoid,0.03908878779924498,0.033531569640967436,1,sigmoid,0.03366083,0.029614564031362534,1
1344,2008-10-06 04:26:00,0,sigmoid,0.043146520886433073,0.033531569640967436,1,sigmoid,0.085462846,0.029614564031362534,1
1345,2008-10-06 05:21:00,0,sigmoid,0.038555982894559124,0.033531569640967436,1,sigmoid,0.04857411,0.029614564031362534,1
1346,2008-10-06 05:24:00,0,sigmoid,0.037689334384739974,0.033531569640967436,1,sigmoid,0.0433977,0.029614564031362534,1
1347,2008-10-06 06:11:00,0,sigmoid,0.0359477723253371,0.033531569640967436,1,sigmoid,0.04497075,0.029614564031362534,1
1348,2008-10-06 06:26:00,0,sigmoid,0.037880127344618555,0.033531569640967436,1,sigmoid,0.04290205,0.029614564031362534,1
1349,2008-10-06 06:49:00,0,sigmoid,0.03166308907888906,0.033531569640967436,0,sigmoid,0.019475825,0.029614564031362534,0
1350,2008-10-06 07:12:00,0,sigmoid,0.0327716079228605,0.033531569640967436,0,sigmoid,0.024235819,0.029614564031362534,0
1351,2008-10-06 07:17:00,0,sigmoid,0.03209997635485856,0.033531569640967436,0,sigmoid,0.0219433,0.029614564031362534,0
1352,2008-10-06 07:35:00,0,sigmoid,0.031856775213139295,0.033531569640967436,0,sigmoid,0.018252607,0.029614564031362534,0
1353,2008-10-06 07:38:00,0,sigmoid,0.03923979197154452,0.033531569640967436,1,sigmoid,0.0351396,0.029614564031362534,1
1354,2008-10-06 08:24:00,0,sigmoid,0.03347317874611675,0.033531569640967436,0,sigmoid,0.03405665,0.029614564031362534,1
1355,2008-10-06 08:57:00,0,sigmoid,0.032054277616787495,0.033531569640967436,0,sigmoid,0.027132353,0.029614564031362534,0
1356,2008-10-06 09:11:00,0,sigmoid,0.03971712547682964,0.033531569640967436,1,sigmoid,0.07605805,0.029614564031362534,1
1357,2008-10-06 09:57:00,0,sigmoid,0.03539878932565086,0.033531569640967436,1,sigmoid,0.033488713,0.029614564031362534,1
1358,2008-10-06 10:07:00,0,sigmoid,0.03277570450580428,0.033531569640967436,0,sigmoid,0.018347064,0.029614564031362534,0
1359,2008-10-06 11:51:00,0,sigmoid,0.033944460800274426,0.033531569640967436,1,sigmoid,0.03292856,0.029614564031362534,1
1360,2008-10-06 12:39:00,0,sigmoid,0.03495296229942813,0.033531569640967436,1,sigmoid,0.035227057,0.029614564031362534,1
1361,2008-10-06 12:42:00,0,sigmoid,0.03632821582434064,0.033531569640967436,1,sigmoid,0.03777307,0.029614564031362534,1
1362,2008-10-06 13:08:00,0,sigmoid,0.03781246273266012,0.033531569640967436,1,sigmoid,0.04193376,0.029614564031362534,1
1363,2008-10-06 13:38:00,1,sigmoid,0.037696087527624135,0.033531569640967436,1,sigmoid,0.036211934,0.029614564031362534,1
1364,2008-10-06 13:55:00,1,sigmoid,0.03596503511733343,0.033531569640967436,1,sigmoid,0.042659838,0.029614564031362534,1
1365,2008-10-06 15:00:00,1,sigmoid,0.03406557930196596,0.033531569640967436,1,sigmoid,0.050526634,0.029614564031362534,1
1366,2008-10-06 15:01:00,0,sigmoid,0.036457590852655986,0.033531569640967436,1,sigmoid,0.028007457,0.029614564031362534,0
1367,2008-10-06 15:52:00,0,sigmoid,0.03676326767890411,0.033531569640967436,1,sigmoid,0.029587997,0.029614564031362534,0
1368,2008-10-06 16:42:00,0,sigmoid,0.0346423157322964,0.033531569640967436,1,sigmoid,0.0463614,0.029614564031362534,1
1369,2008-10-06 16:50:00,0,sigmoid,0.0359176576586407,0.033531569640967436,1,sigmoid,0.027277272,0.029614564031362534,0
1370,2008-10-06 17:26:00,0,sigmoid,0.03560797742338935,0.033531569640967436,1,sigmoid,0.030242747,0.029614564031362534,1
1371,2008-10-06 17:26:00,0,sigmoid,0.03399749487309106,0.033531569640967436,1,sigmoid,0.025056027,0.029614564031362534,0
1372,2008-10-06 17:35:00,0,sigmoid,0.02964057284773182,0.033531569640967436,0,sigmoid,0.022195091,0.029614564031362534,0
1373,2008-10-06 18:54:00,0,sigmoid,0.03609829376291074,0.033531569640967436,1,sigmoid,0.030732369,0.029614564031362534,1
1374,2008-10-06 18:55:00,0,sigmoid,0.04286711816728603,0.033531569640967436,1,sigmoid,0.0778515,0.029614564031362534,1
1375,2008-10-06 19:42:00,0,sigmoid,0.03219925772049853,0.033531569640967436,0,sigmoid,0.020224433,0.029614564031362534,0
1376,2008-10-06 20:02:00,0,sigmoid,0.03394456610157197,0.033531569640967436,1,sigmoid,0.030715685,0.029614564031362534,1
1377,2008-10-06 20:36:00,0,sigmoid,0.03768833867997274,0.033531569640967436,1,sigmoid,0.048860207,0.029614564031362534,1
1378,2008-10-06 20:47:00,0,sigmoid,0.03284623230057288,0.033531569640967436,0,sigmoid,0.030292662,0.029614564031362534,1
1379,2008-10-06 21:46:00,0,sigmoid,0.03452437532811486,0.033531569640967436,1,sigmoid,0.0337036,0.029614564031362534,1
1380,2008-10-06 21:48:00,0,sigmoid,0.02990378827030793,0.033531569640967436,0,sigmoid,0.018494818,0.029614564031362534,0
1381,2008-10-06 22:37:00,0,sigmoid,0.035217115190346523,0.033531569640967436,1,sigmoid,0.036747992,0.029614564031362534,1
1382,2008-10-06 23:03:00,0,sigmoid,0.032320471862891054,0.033531569640967436,0,sigmoid,0.027975773,0.029614564031362534,0
1383,2008-10-07 01:46:00,0,sigmoid,0.03247708466129263,0.033531569640967436,0,sigmoid,0.0385386,0.029614564031362534,1
1384,2008-10-07 03:29:00,0,sigmoid,0.02873856805978515,0.033531569640967436,0,sigmoid,0.028841782,0.029614564031362534,0
1385,2008-10-07 03:39:00,0,sigmoid,0.03997120625862012,0.033531569640967436,1,sigmoid,0.055359606,0.029614564031362534,1
1386,2008-10-07 07:32:00,0,sigmoid,0.03501780168585273,0.033531569640967436,1,sigmoid,0.05015447,0.029614564031362534,1
1387,2008-10-07 07:41:00,0,sigmoid,0.03450573290766537,0.033531569640967436,1,sigmoid,0.038916726,0.029614564031362534,1
1388,2008-10-07 08:25:00,0,sigmoid,0.03174647536490336,0.033531569640967436,0,sigmoid,0.02678418,0.029614564031362534,0
1389,2008-10-07 08:26:00,0,sigmoid,0.03068552849676937,0.033531569640967436,0,sigmoid,0.028529989,0.029614564031362534,0
1390,2008-10-07 09:11:00,0,sigmoid,0.03680321586307071,0.033531569640967436,1,sigmoid,0.05897633,0.029614564031362534,1
1391,2008-10-07 09:20:00,0,sigmoid,0.03612455272586207,0.033531569640967436,1,sigmoid,0.03179409,0.029614564031362534,1
1392,2008-10-07 09:59:00,0,sigmoid,0.03292817285378936,0.033531569640967436,0,sigmoid,0.019501885,0.029614564031362534,0
1393,2008-10-07 10:04:00,0,sigmoid,0.03209816934124574,0.033531569640967436,0,sigmoid,0.022879897,0.029614564031362534,0
1394,2008-10-07 10:10:00,0,sigmoid,0.036647774975153556,0.033531569640967436,1,sigmoid,0.02682243,0.029614564031362534,0
1395,2008-10-07 10:51:00,0,sigmoid,0.03045028023824063,0.033531569640967436,0,sigmoid,0.02369032,0.029614564031362534,0
1396,2008-10-07 11:15:00,0,sigmoid,0.03198867461040866,0.033531569640967436,0,sigmoid,0.028440531,0.029614564031362534,0
1397,2008-10-07 11:16:00,0,sigmoid,0.04962883449213764,0.033531569640967436,1,sigmoid,0.11306603,0.029614564031362534,1
1398,2008-10-07 11:36:00,0,sigmoid,0.03929361751071015,0.033531569640967436,1,sigmoid,0.058607496,0.029614564031362534,1
1399,2008-10-07 12:40:00,0,sigmoid,0.03332144788284859,0.033531569640967436,0,sigmoid,0.027998086,0.029614564031362534,0
1400,2008-10-07 13:10:00,1,sigmoid,0.03645621493849558,0.033531569640967436,1,sigmoid,0.025564764,0.029614564031362534,0
1401,2008-10-07 13:48:00,0,sigmoid,0.03667952032971602,0.033531569640967436,1,sigmoid,0.06115308,0.029614564031362534,1
1402,2008-10-07 14:35:00,0,sigmoid,0.03498212701659636,0.033531569640967436,1,sigmoid,0.05030705,0.029614564031362534,1
1403,2008-10-07 16:32:00,0,sigmoid,0.036225785681501484,0.033531569640967436,1,sigmoid,0.03861533,0.029614564031362534,1
1404,2008-10-07 17:06:00,0,sigmoid,0.03851496545198905,0.033531569640967436,1,sigmoid,0.036093812,0.029614564031362534,1
1405,2008-10-07 17:28:00,0,sigmoid,0.032050404467456425,0.033531569640967436,0,sigmoid,0.019440962,0.029614564031362534,0
1406,2008-10-07 18:39:00,0,sigmoid,0.03352921384537082,0.033531569640967436,0,sigmoid,0.029212972,0.029614564031362534,0
1407,2008-10-07 19:24:00,0,sigmoid,0.03195950203761427,0.033531569640967436,0,sigmoid,0.027955566,0.029614564031362534,0
1408,2008-10-07 20:19:00,0,sigmoid,0.036765865700139407,0.033531569640967436,1,sigmoid,0.051147494,0.029614564031362534,1
1409,2008-10-07 20:39:00,0,sigmoid,0.03322701914541975,0.033531569640967436,0,sigmoid,0.057817385,0.029614564031362534,1
1410,2008-10-07 20:48:00,0,sigmoid,0.03656298722630196,0.033531569640967436,1,sigmoid,0.030902803,0.029614564031362534,1
1411,2008-10-08 04:47:00,0,sigmoid,0.0323924204364493,0.033531569640967436,0,sigmoid,0.02602781,0.029614564031362534,0
1412,2008-10-08 05:35:00,0,sigmoid,0.03686359413151662,0.033531569640967436,1,sigmoid,0.038987108,0.029614564031362534,1
1413,2008-10-08 05:38:00,0,sigmoid,0.03220836675925442,0.033531569640967436,0,sigmoid,0.024530275,0.029614564031362534,0
1414,2008-10-08 06:25:00,0,sigmoid,0.032436837428382874,0.033531569640967436,0,sigmoid,0.024806475,0.029614564031362534,0
1415,2008-10-08 07:10:00,0,sigmoid,0.034763720802889087,0.033531569640967436,1,sigmoid,0.020969594,0.029614564031362534,0
1416,2008-10-08 07:13:00,0,sigmoid,0.03084058700684938,0.033531569640967436,0,sigmoid,0.026196145,0.029614564031362534,0
1417,2008-10-08 07:16:00,0,sigmoid,0.032991140317978375,0.033531569640967436,0,sigmoid,0.035991177,0.029614564031362534,1
1418,2008-10-08 09:01:00,0,sigmoid,0.033721970938100095,0.033531569640967436,1,sigmoid,0.029706184,0.029614564031362534,1
1419,2008-10-08 09:06:00,0,sigmoid,0.033129064452737396,0.033531569640967436,0,sigmoid,0.042354695,0.029614564031362534,1
1420,2008-10-08 10:37:00,0,sigmoid,0.03194707521458715,0.033531569640967436,0,sigmoid,0.022699565,0.029614564031362534,0
1421,2008-10-08 12:11:00,0,sigmoid,0.0319803425623877,0.033531569640967436,0,sigmoid,0.021848138,0.029614564031362534,0
1422,2008-10-08 13:35:00,0,sigmoid,0.03795752895316076,0.033531569640967436,1,sigmoid,0.049102284,0.029614564031362534,1
1423,2008-10-08 13:38:00,0,sigmoid,0.030831259987044723,0.033531569640967436,0,sigmoid,0.02863584,0.029614564031362534,0
1424,2008-10-08 14:48:00,0,sigmoid,0.037151939869667916,0.033531569640967436,1,sigmoid,0.0444294,0.029614564031362534,1
1425,2008-10-08 15:37:00,0,sigmoid,0.03688564621208467,0.033531569640967436,1,sigmoid,0.061188195,0.029614564031362534,1
1426,2008-10-08 16:26:00,0,sigmoid,0.03845086044585589,0.033531569640967436,1,sigmoid,0.03472626,0.029614564031362534,1
1427,2008-10-08 17:14:00,0,sigmoid,0.0356935558217736,0.033531569640967436,1,sigmoid,0.03281127,0.029614564031362534,1
1428,2008-10-08 17:31:00,0,sigmoid,0.034592628552589495,0.033531569640967436,1,sigmoid,0.036948714,0.029614564031362534,1
1429,2008-10-08 17:41:00,0,sigmoid,0.031909144636828805,0.033531569640967436,0,sigmoid,0.02448979,0.029614564031362534,0
1430,2008-10-08 18:22:00,0,sigmoid,0.031901846515973616,0.033531569640967436,0,sigmoid,0.021536067,0.029614564031362534,0
1431,2008-10-08 20:27:00,0,sigmoid,0.040998866969815785,0.033531569640967436,1,sigmoid,0.06074411,0.029614564031362534,1
1432,2008-10-08 21:19:00,0,sigmoid,0.028922069648267355,0.033531569640967436,0,sigmoid,0.022134077,0.029614564031362534,0
1433,2008-10-08 21:45:00,0,sigmoid,0.0319846974739668,0.033531569640967436,0,sigmoid,0.025964964,0.029614564031362534,0
1434,2008-10-08 22:08:00,0,sigmoid,0.03532153199878241,0.033531569640967436,1,sigmoid,0.041225936,0.029614564031362534,1
1435,2008-10-08 23:13:00,0,sigmoid,0.03794601698785915,0.033531569640967436,1,sigmoid,0.050612934,0.029614564031362534,1
1436,2008-10-08 23:50:00,0,sigmoid,0.03720006656781638,0.033531569640967436,1,sigmoid,0.05418243,0.029614564031362534,1
1437,2008-10-09 00:23:00,0,sigmoid,0.029164903156230885,0.033531569640967436,0,sigmoid,0.021305555,0.029614564031362534,0
1438,2008-10-09 04:34:00,1,sigmoid,0.03349235017212671,0.033531569640967436,0,sigmoid,0.024070373,0.029614564031362534,0
1439,2008-10-09 06:06:00,0,sigmoid,0.030599365265365896,0.033531569640967436,0,sigmoid,0.015988242,0.029614564031362534,0
1440,2008-10-09 07:38:00,0,sigmoid,0.03662847818477028,0.033531569640967436,1,sigmoid,0.047205247,0.029614564031362534,1
1441,2008-10-09 14:15:00,0,sigmoid,0.03139787129017593,0.033531569640967436,0,sigmoid,0.02084235,0.029614564031362534,0
1442,2008-10-09 15:04:00,0,sigmoid,0.032190959257423324,0.033531569640967436,0,sigmoid,0.02134422,0.029614564031362534,0
1443,2008-10-09 15:55:00,1,sigmoid,0.035087013277090184,0.033531569640967436,1,sigmoid,0.025015203,0.029614564031362534,0
1444,2008-10-09 15:56:00,0,sigmoid,0.02968342171682759,0.033531569640967436,0,sigmoid,0.033627447,0.029614564031362534,1
1445,2008-10-10 10:05:00,0,sigmoid,0.03824928646664689,0.033531569640967436,1,sigmoid,0.055935994,0.029614564031362534,1
1446,2008-10-10 10:46:00,0,sigmoid,0.03239327646010233,0.033531569640967436,0,sigmoid,0.024914548,0.029614564031362534,0
1447,2008-10-10 10:53:00,0,sigmoid,0.0378213189315833,0.033531569640967436,1,sigmoid,0.03810736,0.029614564031362534,1
1448,2008-10-10 12:30:00,0,sigmoid,0.03456265553234044,0.033531569640967436,1,sigmoid,0.019277934,0.029614564031362534,0
1449,2008-10-10 15:33:00,0,sigmoid,0.03732764053846225,0.033531569640967436,1,sigmoid,0.038180094,0.029614564031362534,1
1450,2008-10-10 15:50:00,0,sigmoid,0.03827785201315459,0.033531569640967436,1,sigmoid,0.06570982,0.029614564031362534,1
1451,2008-10-10 20:02:00,0,sigmoid,0.030807921556756317,0.033531569640967436,0,sigmoid,0.023344222,0.029614564031362534,0
1452,2008-10-10 21:03:00,0,sigmoid,0.034046021164502525,0.033531569640967436,1,sigmoid,0.034270324,0.029614564031362534,1
1453,2008-10-10 21:07:00,0,sigmoid,0.03372483683818394,0.033531569640967436,1,sigmoid,0.027353486,0.029614564031362534,0
1454,2008-10-10 21:16:00,0,sigmoid,0.030489580361806226,0.033531569640967436,0,sigmoid,0.024577243,0.029614564031362534,0
1455,2008-10-11 02:55:00,0,sigmoid,0.03151624304880587,0.033531569640967436,0,sigmoid,0.033752646,0.029614564031362534,1
1456,2008-10-11 06:56:00,0,sigmoid,0.03921055305687686,0.033531569640967436,1,sigmoid,0.059268747,0.029614564031362534,1
1457,2008-10-11 07:38:00,0,sigmoid,0.03210239726876895,0.033531569640967436,0,sigmoid,0.033203244,0.029614564031362534,1
1458,2008-10-11 07:39:00,0,sigmoid,0.04283757682649208,0.033531569640967436,1,sigmoid,0.06967304,0.029614564031362534,1
1459,2008-10-11 07:42:00,0,sigmoid,0.03363874171431193,0.033531569640967436,1,sigmoid,0.04150837,0.029614564031362534,1
1460,2008-10-11 08:27:00,0,sigmoid,0.03632422706228908,0.033531569640967436,1,sigmoid,0.027866168,0.029614564031362534,0
1461,2008-10-11 14:43:00,0,sigmoid,0.03776055747019997,0.033531569640967436,1,sigmoid,0.039386734,0.029614564031362534,1
1462,2008-10-11 15:33:00,0,sigmoid,0.028567768419091134,0.033531569640967436,0,sigmoid,0.021658864,0.029614564031362534,0
1463,2008-10-11 16:25:00,0,sigmoid,0.030362886949707367,0.033531569640967436,0,sigmoid,0.024846131,0.029614564031362534,0
1464,2008-10-11 23:16:00,0,sigmoid,0.0325772925712422,0.033531569640967436,0,sigmoid,0.022432132,0.029614564031362534,0
1465,2008-10-11 23:58:00,0,sigmoid,0.028956961074141415,0.033531569640967436,0,sigmoid,0.019623628,0.029614564031362534,0
1466,2008-10-12 00:57:00,0,sigmoid,0.031090045777294958,0.033531569640967436,0,sigmoid,0.025863484,0.029614564031362534,0
1467,2008-10-12 01:50:00,0,sigmoid,0.03600264992228369,0.033531569640967436,1,sigmoid,0.0580465,0.029614564031362534,1
1468,2008-10-12 02:59:00,0,sigmoid,0.031241636158637016,0.033531569640967436,0,sigmoid,0.023440057,0.029614564031362534,0
1469,2008-10-12 03:21:00,0,sigmoid,0.03588589975730886,0.033531569640967436,1,sigmoid,0.03499496,0.029614564031362534,1
1470,2008-10-12 03:28:00,0,sigmoid,0.03698501414911089,0.033531569640967436,1,sigmoid,0.05396512,0.029614564031362534,1
1471,2008-10-12 08:19:00,0,sigmoid,0.03295906896689786,0.033531569640967436,0,sigmoid,0.028593712,0.029614564031362534,0
1472,2008-10-12 18:47:00,0,sigmoid,0.032817765300302525,0.033531569640967436,0,sigmoid,0.03709619,0.029614564031362534,1
1473,2008-10-13 03:34:00,0,sigmoid,0.028515700162983996,0.033531569640967436,0,sigmoid,0.020747371,0.029614564031362534,0
1474,2008-10-13 03:53:00,0,sigmoid,0.03333629098891264,0.033531569640967436,0,sigmoid,0.029078035,0.029614564031362534,0
1475,2008-10-13 11:27:00,0,sigmoid,0.03141219966116247,0.033531569640967436,0,sigmoid,0.026306152,0.029614564031362534,0
1476,2008-10-13 12:18:00,0,sigmoid,0.03544746001978127,0.033531569640967436,1,sigmoid,0.03432372,0.029614564031362534,1
1477,2008-10-13 14:06:00,0,sigmoid,0.03239331035684692,0.033531569640967436,0,sigmoid,0.027213404,0.029614564031362534,0
1478,2008-10-13 14:29:00,0,sigmoid,0.03690307076933355,0.033531569640967436,1,sigmoid,0.04398505,0.029614564031362534,1
1479,2008-10-13 14:30:00,0,sigmoid,0.03171952142359276,0.033531569640967436,0,sigmoid,0.036926497,0.029614564031362534,1
1480,2008-10-13 14:55:00,0,sigmoid,0.0321938004753131,0.033531569640967436,0,sigmoid,0.031181939,0.029614564031362534,1
1481,2008-10-13 15:42:00,0,sigmoid,0.03213341566228971,0.033531569640967436,0,sigmoid,0.04383956,0.029614564031362534,1
1482,2008-10-13 15:42:00,0,sigmoid,0.03760545716986872,0.033531569640967436,1,sigmoid,0.039419707,0.029614564031362534,1
1483,2008-10-13 16:13:00,0,sigmoid,0.02789864046094309,0.033531569640967436,0,sigmoid,0.015183329,0.029614564031362534,0
1484,2008-10-13 19:17:00,0,sigmoid,0.034851279913851285,0.033531569640967436,1,sigmoid,0.033107746,0.029614564031362534,1
1485,2008-10-13 19:36:00,0,sigmoid,0.0345908117529371,0.033531569640967436,1,sigmoid,0.038565435,0.029614564031362534,1
1486,2008-10-13 19:40:00,0,sigmoid,0.03305321086578377,0.033531569640967436,0,sigmoid,0.0239118,0.029614564031362534,0
1487,2008-10-13 20:10:00,0,sigmoid,0.03515378030627434,0.033531569640967436,1,sigmoid,0.08371162,0.029614564031362534,1
1488,2008-10-13 20:30:00,0,sigmoid,0.03340341096310102,0.033531569640967436,0,sigmoid,0.033139348,0.029614564031362534,1
1489,2008-10-13 20:53:00,0,sigmoid,0.03662735819979736,0.033531569640967436,1,sigmoid,0.050918903,0.029614564031362534,1
1490,2008-10-13 21:20:00,0,sigmoid,0.033738428179572615,0.033531569640967436,1,sigmoid,0.026052408,0.029614564031362534,0
1491,2008-10-13 21:47:00,0,sigmoid,0.030597701737658505,0.033531569640967436,0,sigmoid,0.025848905,0.029614564031362534,0
1492,2008-10-13 21:57:00,0,sigmoid,0.03234757560892017,0.033531569640967436,0,sigmoid,0.02976543,0.029614564031362534,1
1493,2008-10-13 22:48:00,0,sigmoid,0.030333472601777572,0.033531569640967436,0,sigmoid,0.023004757,0.029614564031362534,0
1494,2008-10-13 22:54:00,0,sigmoid,0.03344586595265731,0.033531569640967436,0,sigmoid,0.03427496,0.029614564031362534,1
1495,2008-10-14 00:35:00,0,sigmoid,0.030625986396442182,0.033531569640967436,0,sigmoid,0.02843315,0.029614564031362534,0
1496,2008-10-14 03:21:00,0,sigmoid,0.03400756673657943,0.033531569640967436,1,sigmoid,0.030244486,0.029614564031362534,1
1497,2008-10-14 03:28:00,0,sigmoid,0.03394486480464937,0.033531569640967436,1,sigmoid,0.034256753,0.029614564031362534,1
1498,2008-10-14 03:35:00,0,sigmoid,0.038698115019410624,0.033531569640967436,1,sigmoid,0.052251574,0.029614564031362534,1
1499,2008-10-14 13:13:00,0,sigmoid,0.033143322548235765,0.033531569640967436,0,sigmoid,0.035987068,0.029614564031362534,1
1500,2008-10-14 13:16:00,0,sigmoid,0.03271223417939447,0.033531569640967436,0,sigmoid,0.019752042,0.029614564031362534,0
1501,2008-10-14 14:07:00,0,sigmoid,0.03502855447436887,0.033531569640967436,1,sigmoid,0.029194586,0.029614564031362534,0
1502,2008-10-14 14:15:00,0,sigmoid,0.03457353688419733,0.033531569640967436,1,sigmoid,0.023333518,0.029614564031362534,0
1503,2008-10-14 14:43:00,0,sigmoid,0.040678435515055976,0.033531569640967436,1,sigmoid,0.09028197,0.029614564031362534,1
1504,2008-10-14 17:36:00,0,sigmoid,0.02966313551256295,0.033531569640967436,0,sigmoid,0.023982821,0.029614564031362534,0
1505,2008-10-14 19:15:00,0,sigmoid,0.03302042014342532,0.033531569640967436,0,sigmoid,0.027618052,0.029614564031362534,0
1506,2008-10-14 20:01:00,0,sigmoid,0.03870717886888521,0.033531569640967436,1,sigmoid,0.041864116,0.029614564031362534,1
1507,2008-10-14 20:30:00,0,sigmoid,0.03785782309451413,0.033531569640967436,1,sigmoid,0.036574535,0.029614564031362534,1
1508,2008-10-14 20:48:00,0,sigmoid,0.03349890484561159,0.033531569640967436,0,sigmoid,0.02562932,0.029614564031362534,0
1509,2008-10-14 21:36:00,0,sigmoid,0.03726976640053506,0.033531569640967436,1,sigmoid,0.042605147,0.029614564031362534,1
1510,2008-10-14 23:07:00,0,sigmoid,0.02977170626461349,0.033531569640967436,0,sigmoid,0.029689193,0.029614564031362534,1
1511,2008-10-15 00:03:00,0,sigmoid,0.03433873678342381,0.033531569640967436,1,sigmoid,0.027966348,0.029614564031362534,0
1512,2008-10-15 00:27:00,0,sigmoid,0.032752219538400254,0.033531569640967436,0,sigmoid,0.023908785,0.029614564031362534,0
1513,2008-10-15 00:47:00,0,sigmoid,0.04226905596155242,0.033531569640967436,1,sigmoid,0.065740846,0.029614564031362534,1
1514,2008-10-15 01:52:00,0,sigmoid,0.03350592499085129,0.033531569640967436,0,sigmoid,0.024982788,0.029614564031362534,0
1515,2008-10-15 01:52:00,0,sigmoid,0.03422802410520788,0.033531569640967436,1,sigmoid,0.03361213,0.029614564031362534,1
1516,2008-10-15 01:52:00,0,sigmoid,0.032979652834902756,0.033531569640967436,0,sigmoid,0.032204133,0.029614564031362534,1
1517,2008-10-15 02:40:00,0,sigmoid,0.031901324278606084,0.033531569640967436,0,sigmoid,0.033766195,0.029614564031362534,1
1518,2008-10-15 02:40:00,0,sigmoid,0.034348897642611995,0.033531569640967436,1,sigmoid,0.028837103,0.029614564031362534,0
1519,2008-10-15 02:42:00,1,sigmoid,0.03510666468103876,0.033531569640967436,1,sigmoid,0.0654549,0.029614564031362534,1
1520,2008-10-15 03:24:00,0,sigmoid,0.03710987429678998,0.033531569640967436,1,sigmoid,0.03864615,0.029614564031362534,1
1521,2008-10-15 04:08:00,0,sigmoid,0.033438589937233726,0.033531569640967436,0,sigmoid,0.031606913,0.029614564031362534,1
1522,2008-10-15 05:13:00,0,sigmoid,0.035941043797017805,0.033531569640967436,1,sigmoid,0.028117556,0.029614564031362534,0
1523,2008-10-15 05:16:00,0,sigmoid,0.03419748341446932,0.033531569640967436,1,sigmoid,0.034524065,0.029614564031362534,1
1524,2008-10-15 06:49:00,0,sigmoid,0.031326978251008226,0.033531569640967436,0,sigmoid,0.03121216,0.029614564031362534,1
1525,2008-10-15 07:36:00,0,sigmoid,0.034804338314954324,0.033531569640967436,1,sigmoid,0.02301603,0.029614564031362534,0
1526,2008-10-15 07:55:00,0,sigmoid,0.02877074112771856,0.033531569640967436,0,sigmoid,0.020069411,0.029614564031362534,0
1527,2008-10-15 08:21:00,0,sigmoid,0.03737895555783908,0.033531569640967436,1,sigmoid,0.035023082,0.029614564031362534,1
1528,2008-10-15 09:11:00,0,sigmoid,0.03374696139589074,0.033531569640967436,1,sigmoid,0.057173185,0.029614564031362534,1
1529,2008-10-15 10:00:00,0,sigmoid,0.030837295359147053,0.033531569640967436,0,sigmoid,0.030601213,0.029614564031362534,1
1530,2008-10-15 12:53:00,0,sigmoid,0.034605984506638016,0.033531569640967436,1,sigmoid,0.031070074,0.029614564031362534,1
1531,2008-10-15 13:14:00,0,sigmoid,0.03299184773129219,0.033531569640967436,0,sigmoid,0.031825796,0.029614564031362534,1
1532,2008-10-15 13:16:00,0,sigmoid,0.03194754586278186,0.033531569640967436,0,sigmoid,0.029157808,0.029614564031362534,0
1533,2008-10-15 14:08:00,0,sigmoid,0.03279823666180718,0.033531569640967436,0,sigmoid,0.028749868,0.029614564031362534,0
1534,2008-10-15 15:11:00,0,sigmoid,0.03324041433567365,0.033531569640967436,0,sigmoid,0.026313707,0.029614564031362534,0
1535,2008-10-15 16:24:00,0,sigmoid,0.029368578129719065,0.033531569640967436,0,sigmoid,0.01818138,0.029614564031362534,0
1536,2008-10-15 17:19:00,0,sigmoid,0.0314228660886934,0.033531569640967436,0,sigmoid,0.033226807,0.029614564031362534,1
1537,2008-10-15 18:16:00,0,sigmoid,0.027757693910026787,0.033531569640967436,0,sigmoid,0.015430904,0.029614564031362534,0
1538,2008-10-15 19:15:00,0,sigmoid,0.03437529408325804,0.033531569640967436,1,sigmoid,0.03467964,0.029614564031362534,1
1539,2008-10-15 19:24:00,0,sigmoid,0.03379864336135067,0.033531569640967436,1,sigmoid,0.05268209,0.029614564031362534,1
1540,2008-10-15 21:44:00,0,sigmoid,0.03696578966134291,0.033531569640967436,1,sigmoid,0.046238713,0.029614564031362534,1
1541,2008-10-15 22:45:00,0,sigmoid,0.03386573903925551,0.033531569640967436,1,sigmoid,0.026870823,0.029614564031362534,0
1542,2008-10-15 22:54:00,0,sigmoid,0.03716849524544737,0.033531569640967436,1,sigmoid,0.055120446,0.029614564031362534,1
1543,2008-10-15 23:00:00,0,sigmoid,0.033315432928669356,0.033531569640967436,0,sigmoid,0.023751087,0.029614564031362534,0
1544,2008-10-15 23:45:00,0,sigmoid,0.035038460463723727,0.033531569640967436,1,sigmoid,0.029112225,0.029614564031362534,0
1545,2008-10-16 02:16:00,0,sigmoid,0.037815743263204575,0.033531569640967436,1,sigmoid,0.036473215,0.029614564031362534,1
1546,2008-10-16 02:16:00,0,sigmoid,0.035407812722858575,0.033531569640967436,1,sigmoid,0.027812822,0.029614564031362534,0
1547,2008-10-16 02:17:00,0,sigmoid,0.03575112390064312,0.033531569640967436,1,sigmoid,0.034340072,0.029614564031362534,1
1548,2008-10-16 02:22:00,0,sigmoid,0.03238807366008402,0.033531569640967436,0,sigmoid,0.021476187,0.029614564031362534,0
1549,2008-10-16 02:55:00,0,sigmoid,0.03377301276223993,0.033531569640967436,1,sigmoid,0.02820219,0.029614564031362534,0
1550,2008-10-16 03:56:00,0,sigmoid,0.03665407909288036,0.033531569640967436,1,sigmoid,0.046934865,0.029614564031362534,1
1551,2008-10-16 04:02:00,0,sigmoid,0.03505165849686181,0.033531569640967436,1,sigmoid,0.032525733,0.029614564031362534,1
1552,2008-10-16 04:02:00,0,sigmoid,0.028980717256678376,0.033531569640967436,0,sigmoid,0.027252613,0.029614564031362534,0
1553,2008-10-16 04:04:00,0,sigmoid,0.030626067044874562,0.033531569640967436,0,sigmoid,0.019122552,0.029614564031362534,0
1554,2008-10-16 04:47:00,0,sigmoid,0.0324586844167195,0.033531569640967436,0,sigmoid,0.021665752,0.029614564031362534,0
1555,2008-10-16 04:50:00,0,sigmoid,0.03826500789659311,0.033531569640967436,1,sigmoid,0.06214065,0.029614564031362534,1
1556,2008-10-16 04:54:00,0,sigmoid,0.03241829945118687,0.033531569640967436,0,sigmoid,0.023498334,0.029614564031362534,0
1557,2008-10-16 05:08:00,0,sigmoid,0.03312714502987912,0.033531569640967436,0,sigmoid,0.019503804,0.029614564031362534,0
1558,2008-10-16 05:13:00,0,sigmoid,0.030519772438100494,0.033531569640967436,0,sigmoid,0.018143985,0.029614564031362534,0
1559,2008-10-16 05:44:00,0,sigmoid,0.032034743381759705,0.033531569640967436,0,sigmoid,0.030251943,0.029614564031362534,1
1560,2008-10-16 05:58:00,0,sigmoid,0.031299159780619444,0.033531569640967436,0,sigmoid,0.031628594,0.029614564031362534,1
1561,2008-10-16 15:02:00,0,sigmoid,0.038649270871398765,0.033531569640967436,1,sigmoid,0.032023195,0.029614564031362534,1
1562,2008-10-16 15:13:00,0,sigmoid,0.038637996158025815,0.033531569640967436,1,sigmoid,0.04702915,0.029614564031362534,1
1563,2008-10-16 20:49:00,0,sigmoid,0.03157904133300998,0.033531569640967436,0,sigmoid,0.026080305,0.029614564031362534,0
1564,2008-10-17 05:26:00,0,sigmoid,0.04086221226653522,0.033531569640967436,1,sigmoid,0.03656053,0.029614564031362534,1
1565,2008-10-17 06:01:00,0,sigmoid,0.03919862369168959,0.033531569640967436,1,sigmoid,0.06163888,0.029614564031362534,1
1566,2008-10-17 06:07:00,0,sigmoid,0.04012093678999383,0.033531569640967436,1,sigmoid,0.053800825,0.029614564031362534,1
