config_id,model,top_k,weight_multiplier,oof_pr_auc,oof_roc_auc,oof_threshold,oof_precision,oof_recall,oof_f2,oof_tp,oof_fp,oof_fn,oof_tn,parameters_json,meets_recall_target
catboost_01,CatBoost,200,1.25,0.20181582857396058,0.7350633302440531,0.07179839120789556,0.14627659574468085,0.6626506024096386,0.3884180790960452,55,321,28,849,"{""weight_multiplier"": 1.25, ""top_k"": 200, ""random_strength"": 0.5, ""learning_rate"": 0.04, ""l2_leaf_reg"": 7.0, ""iterations"": 400, ""depth"": 4, ""border_count"": 128, ""model"": ""CatBoost"", ""config_id"": ""catboost_01""}",True
catboost_05,CatBoost,200,1.0,0.18843131260788804,0.7481103902790649,0.06443548493954168,0.14285714285714285,0.6746987951807228,0.3867403314917127,56,336,27,834,"{""weight_multiplier"": 1.0, ""top_k"": 200, ""random_strength"": 1.0, ""learning_rate"": 0.07, ""l2_leaf_reg"": 12.0, ""iterations"": 250, ""depth"": 4, ""border_count"": 64, ""model"": ""CatBoost"", ""config_id"": ""catboost_05""}",True
catboost_03,CatBoost,all,0.75,0.17597193725271004,0.7277932241787664,0.01315233939543372,0.1290983606557377,0.7590361445783133,0.38414634146341464,63,425,20,745,"{""weight_multiplier"": 0.75, ""top_k"": ""all"", ""random_strength"": 1.0, ""learning_rate"": 0.04, ""l2_leaf_reg"": 3.0, ""iterations"": 400, ""depth"": 8, ""border_count"": 64, ""model"": ""CatBoost"", ""config_id"": ""catboost_03""}",True
xgboost_01,XGBoost,100,0.75,0.17236999600669056,0.7271753681392237,0.021014438321193058,0.11382113821138211,0.8433734939759037,0.36958817317845827,70,545,13,625,"{""weight_multiplier"": 0.75, ""top_k"": 100, ""subsample"": 1.0, ""reg_lambda"": 1.0, ""reg_alpha"": 0.5, ""n_estimators"": 250, ""min_child_weight"": 3, ""max_depth"": 5, ""learning_rate"": 0.04, ""colsample_bytree"": 0.5, ""model"": ""XGBoost"", ""config_id"": ""xgboost_01""}",True
lightgbm_03,LightGBM,100,1.25,0.16940868375052187,0.7199464524765729,0.0008440467801867678,0.11652173913043479,0.8072289156626506,0.36934950385887544,67,508,16,662,"{""weight_multiplier"": 1.25, ""top_k"": 100, ""subsample"": 1.0, ""reg_lambda"": 1.0, ""reg_alpha"": 0.0, ""num_leaves"": 31, ""n_estimators"": 600, ""min_child_samples"": 35, ""max_depth"": 8, ""learning_rate"": 0.07, ""colsample_bytree"": 0.7, ""model"": ""LightGBM"", ""config_id"": ""lightgbm_03""}",True
lightgbm_02,LightGBM,all,1.25,0.16320434956264515,0.7121614663783339,0.040086517174025484,0.14492753623188406,0.6024096385542169,0.36927621861152143,50,295,33,875,"{""weight_multiplier"": 1.25, ""top_k"": ""all"", ""subsample"": 0.7, ""reg_lambda"": 10.0, ""reg_alpha"": 0.1, ""num_leaves"": 63, ""n_estimators"": 400, ""min_child_samples"": 35, ""max_depth"": 5, ""learning_rate"": 0.04, ""colsample_bytree"": 0.9, ""model"": ""LightGBM"", ""config_id"": ""lightgbm_02""}",True
lightgbm_05,LightGBM,200,1.0,0.16678596522873287,0.7204716301101843,0.030300675483452996,0.14285714285714285,0.6024096385542169,0.36656891495601174,50,300,33,870,"{""weight_multiplier"": 1.0, ""top_k"": 200, ""subsample"": 0.85, ""reg_lambda"": 5.0, ""reg_alpha"": 0.1, ""num_leaves"": 31, ""n_estimators"": 250, ""min_child_samples"": 10, ""max_depth"": -1, ""learning_rate"": 0.04, ""colsample_bytree"": 0.9, ""model"": ""LightGBM"", ""config_id"": ""lightgbm_05""}",True
lightgbm_04,LightGBM,200,1.0,0.17962364537927034,0.7249613839975286,0.03574831360095521,0.12702078521939955,0.6626506024096386,0.35947712418300654,55,378,28,792,"{""weight_multiplier"": 1.0, ""top_k"": 200, ""subsample"": 0.7, ""reg_lambda"": 5.0, ""reg_alpha"": 0.1, ""num_leaves"": 15, ""n_estimators"": 250, ""min_child_samples"": 35, ""max_depth"": 8, ""learning_rate"": 0.04, ""colsample_bytree"": 0.5, ""model"": ""LightGBM"", ""config_id"": ""lightgbm_04""}",True
catboost_04,CatBoost,50,0.75,0.14614706852821888,0.706230048398723,0.11475213907141725,0.11130742049469965,0.7590361445783133,0.3507795100222717,63,503,20,667,"{""weight_multiplier"": 0.75, ""top_k"": 50, ""random_strength"": 1.0, ""learning_rate"": 0.02, ""l2_leaf_reg"": 7.0, ""iterations"": 250, ""depth"": 8, ""border_count"": 64, ""model"": ""CatBoost"", ""config_id"": ""catboost_04""}",True
xgboost_03,XGBoost,200,1.25,0.19353967599694588,0.7142621769127794,0.02006437877813975,0.12878787878787878,0.6144578313253012,0.35027472527472525,51,345,32,825,"{""weight_multiplier"": 1.25, ""top_k"": 200, ""subsample"": 1.0, ""reg_lambda"": 1.0, ""reg_alpha"": 0.0, ""n_estimators"": 250, ""min_child_weight"": 3, ""max_depth"": 5, ""learning_rate"": 0.07, ""colsample_bytree"": 0.9, ""model"": ""XGBoost"", ""config_id"": ""xgboost_03""}",True
xgboost_05,XGBoost,50,1.0,0.16117197795293967,0.6967150653897641,0.02887223536769549,0.10410557184750734,0.8554216867469879,0.35009861932938857,71,611,12,559,"{""weight_multiplier"": 1.0, ""top_k"": 50, ""subsample"": 0.7, ""reg_lambda"": 1.0, ""reg_alpha"": 0.1, ""n_estimators"": 400, ""min_child_weight"": 1, ""max_depth"": 5, ""learning_rate"": 0.02, ""colsample_bytree"": 0.5, ""model"": ""XGBoost"", ""config_id"": ""xgboost_05""}",True
xgboost_02,XGBoost,200,1.25,0.1804977072803995,0.712408608794151,0.09740829343597095,0.12470588235294118,0.6385542168674698,0.35006605019815057,53,372,30,798,"{""weight_multiplier"": 1.25, ""top_k"": 200, ""subsample"": 1.0, ""reg_lambda"": 10.0, ""reg_alpha"": 0.1, ""n_estimators"": 600, ""min_child_weight"": 1, ""max_depth"": 3, ""learning_rate"": 0.02, ""colsample_bytree"": 0.5, ""model"": ""XGBoost"", ""config_id"": ""xgboost_02""}",True
xgboost_04,XGBoost,all,1.0,0.15856208118927745,0.7061064771908145,0.1239685167868932,0.12590799031476999,0.6265060240963856,0.348993288590604,52,361,31,809,"{""weight_multiplier"": 1.0, ""top_k"": ""all"", ""subsample"": 0.85, ""reg_lambda"": 1.0, ""reg_alpha"": 0.1, ""n_estimators"": 400, ""min_child_weight"": 6, ""max_depth"": 3, ""learning_rate"": 0.02, ""colsample_bytree"": 0.9, ""model"": ""XGBoost"", ""config_id"": ""xgboost_04""}",True
catboost_00,CatBoost,50,1.0,0.15317862896025036,0.6913912058490372,0.02446506584621222,0.10294117647058823,0.8433734939759037,0.3458498023715415,70,610,13,560,"{""top_k"": 50, ""weight_multiplier"": 1.0, ""iterations"": 400, ""learning_rate"": 0.03, ""depth"": 6, ""l2_leaf_reg"": 3.0, ""random_strength"": 1.0, ""border_count"": 128, ""model"": ""CatBoost"", ""config_id"": ""catboost_00""}",True
catboost_02,CatBoost,all,1.25,0.1837472924837579,0.7115950983420862,0.07365405703464255,0.11842105263157894,0.6506024096385542,0.3426395939086294,54,402,29,768,"{""weight_multiplier"": 1.25, ""top_k"": ""all"", ""random_strength"": 2.0, ""learning_rate"": 0.02, ""l2_leaf_reg"": 3.0, ""iterations"": 400, ""depth"": 8, ""border_count"": 64, ""model"": ""CatBoost"", ""config_id"": ""catboost_02""}",True
xgboost_00,XGBoost,50,1.0,0.13942983653803542,0.6981361342807126,0.016318602487444878,0.09759358288770054,0.8795180722891566,0.33796296296296297,73,675,10,495,"{""top_k"": 50, ""weight_multiplier"": 1.0, ""n_estimators"": 400, ""learning_rate"": 0.03, ""max_depth"": 4, ""min_child_weight"": 2, ""subsample"": 0.8, ""colsample_bytree"": 0.8, ""reg_alpha"": 0.0, ""reg_lambda"": 1.0, ""model"": ""XGBoost"", ""config_id"": ""xgboost_00""}",True
lightgbm_00,LightGBM,50,1.0,0.1231086939166485,0.6738029039233858,0.006005688894817437,0.10681399631675875,0.6987951807228916,0.3314285714285714,58,485,25,685,"{""top_k"": 50, ""weight_multiplier"": 1.0, ""n_estimators"": 400, ""learning_rate"": 0.03, ""num_leaves"": 31, ""max_depth"": -1, ""min_child_samples"": 20, ""subsample"": 0.8, ""colsample_bytree"": 0.8, ""reg_alpha"": 0.0, ""reg_lambda"": 1.0, ""model"": ""LightGBM"", ""config_id"": ""lightgbm_00""}",True
lightgbm_01,LightGBM,50,0.75,0.13797628173144413,0.6845741942127483,0.013531161308234355,0.09317585301837271,0.8554216867469879,0.32449725776965266,71,691,12,479,"{""weight_multiplier"": 0.75, ""top_k"": 50, ""subsample"": 1.0, ""reg_lambda"": 5.0, ""reg_alpha"": 0.1, ""num_leaves"": 31, ""n_estimators"": 600, ""min_child_samples"": 20, ""max_depth"": 5, ""learning_rate"": 0.02, ""colsample_bytree"": 0.5, ""model"": ""LightGBM"", ""config_id"": ""lightgbm_01""}",True
