split,label_id,failure_type,count,percent_within_split
train,0,Center,3068,2.483365980800052
train,1,Donut,397,0.32134820546858556
train,2,Edge-Loc,3707,3.0005989865794627
train,3,Edge-Ring,6914,5.5964773113597
train,4,Loc,2567,2.077835877677227
train,5,Near-full,107,0.0866102216250344
train,6,Random,618,0.5002347379838435
train,7,Scratch,853,0.6904534490294798
train,8,none,105311,85.24307522947662
validation,0,Center,613,2.4814799821883984
validation,1,Donut,79,0.31979921467028294
validation,2,Edge-Loc,741,2.9996356717807555
validation,3,Edge-Ring,1383,5.598510302392422
validation,4,Loc,513,2.076670849694369
validation,5,Near-full,21,0.0850099178237461
validation,6,Random,124,0.501963324292596
validation,7,Scratch,170,0.6881755252398494
validation,8,none,21059,85.24875521191758
test,0,Center,613,2.481279093300951
test,1,Donut,79,0.3197733252378061
test,2,Edge-Loc,741,2.9993928354584094
test,3,Edge-Ring,1383,5.59805707346691
test,4,Loc,513,2.0765027322404372
test,5,Near-full,21,0.08500303582270795
test,6,Random,124,0.5019226877150375
test,7,Scratch,170,0.6881198138028739
test,8,none,21061,85.24994940295487
