model,operating_point,target_recall,threshold,pr_auc,roc_auc,precision,recall,f2,tp,fp,fn,tn,false_alarms_per_100_normal,alert_count
CatBoost,balanced_f2,0.6,0.07179839120789556,0.20181582857396058,0.7350633302440531,0.14627659574468085,0.6626506024096386,0.3884180790960452,55,321,28,849,27.435897435897434,376
CatBoost,recall_50,0.5,0.1103636252137889,0.20181582857396058,0.7350633302440531,0.1728395061728395,0.5060240963855421,0.3652173913043478,42,201,41,969,17.17948717948718,243
CatBoost,recall_60,0.6,0.08222438907662338,0.20181582857396058,0.7350633302440531,0.15060240963855423,0.6024096385542169,0.37650602409638556,50,282,33,888,24.102564102564102,332
CatBoost,recall_70,0.7,0.05603794229771866,0.20181582857396058,0.7350633302440531,0.12633832976445397,0.7108433734939759,0.3692115143929912,59,408,24,762,34.87179487179487,467
CatBoost,recall_80,0.8,0.02578401045546974,0.20181582857396058,0.7350633302440531,0.0995850622406639,0.8674698795180723,0.3412322274881517,72,651,11,519,55.64102564102564,723
CatBoost,recall_90,0.9,0.017785111855550245,0.20181582857396058,0.7350633302440531,0.08907363420427554,0.9036144578313253,0.3194207836456559,75,767,8,403,65.55555555555556,842
XGBoost,balanced_f2,0.6,0.021014438321193058,0.17236999600669056,0.7271753681392237,0.11382113821138211,0.8433734939759037,0.36958817317845827,70,545,13,625,46.58119658119658,615
XGBoost,recall_50,0.5,0.05590850984056791,0.17236999600669056,0.7271753681392237,0.13249211356466878,0.5060240963855421,0.3235747303543914,42,275,41,895,23.504273504273506,317
XGBoost,recall_60,0.6,0.03970280491436521,0.17236999600669056,0.7271753681392237,0.1323529411764706,0.6506024096385542,0.36486486486486486,54,354,29,816,30.256410256410255,408
XGBoost,recall_70,0.7,0.030780695378780365,0.17236999600669056,0.7271753681392237,0.12526539278131635,0.7108433734939759,0.36737235367372356,59,412,24,758,35.21367521367522,471
XGBoost,recall_80,0.8,0.021014438321193058,0.17236999600669056,0.7271753681392237,0.11382113821138211,0.8433734939759037,0.36958817317845827,70,545,13,625,46.58119658119658,615
XGBoost,recall_90,0.9,0.011900342845668396,0.17236999600669056,0.7271753681392237,0.09351620947630923,0.9036144578313253,0.3306878306878307,75,727,8,443,62.136752136752136,802
