model,strategy,fold,fit_seconds,train_rows_before,train_rows_after,train_positives_before,train_positives_after,threshold,pr_auc,roc_auc,precision,recall,f1,specificity,balanced_accuracy,accuracy,mcc,tn,fp,fn,tp
XGBoost,SMOTE,1,1.9029021999999713,1002,1872,66,936,0.11192259937524796,0.16968628419355236,0.6447963800904978,0.15384615384615385,0.35294117647058826,0.21428571428571427,0.8589743589743589,0.6059577677224736,0.8247011952191236,0.146992423829567,201,33,11,6
XGBoost,SMOTE,2,1.9160720999998375,1002,1872,66,936,0.5971694588661194,0.18937926085840076,0.7531422825540474,0.42857142857142855,0.17647058823529413,0.25,0.9829059829059829,0.5796882855706385,0.9282868525896414,0.24322764525083893,230,4,14,3
XGBoost,SMOTE,3,1.9306649000000107,1002,1872,66,936,0.2081376016139984,0.27720588012811737,0.7757667169431876,0.3888888888888889,0.4117647058823529,0.4,0.9529914529914529,0.682378079436903,0.9163346613545816,0.3552391399785464,223,11,10,7
XGBoost,SMOTE,4,2.1468282999999246,1003,1872,67,936,0.15497736632823944,0.10957887102304564,0.6204594017094017,0.2,0.3125,0.24390243902439024,0.9145299145299145,0.6135149572649572,0.876,0.18522079429717378,214,20,11,5
XGBoost,SMOTE,5,2.0533073999999942,1003,1872,67,936,0.07888863235712051,0.16663189178878207,0.6746794871794872,0.20408163265306123,0.625,0.3076923076923077,0.8333333333333334,0.7291666666666667,0.82,0.28258772607136606,195,39,6,10
XGBoost,scale_pos_weight,1,1.600050900000042,1002,1002,66,66,0.2818903625011444,0.1716630540276483,0.615887380593263,0.3,0.17647058823529413,0.2222222222222222,0.9700854700854701,0.5732780291603821,0.9163346613545816,0.18829016849608599,227,7,14,3
XGBoost,scale_pos_weight,2,1.5173890000000938,1002,1002,66,66,0.12916946411132812,0.27782965961509,0.7709904474610356,0.28125,0.5294117647058824,0.3673469387755102,0.9017094017094017,0.715560583207642,0.8764940239043825,0.3248139615940706,211,23,8,9
XGBoost,scale_pos_weight,3,1.5811094000000594,1002,1002,66,66,0.08690829575061798,0.2279786815727042,0.7217194570135747,0.3181818181818182,0.4117647058823529,0.358974358974359,0.9358974358974359,0.6738310708898945,0.900398406374502,0.30893044438567446,219,15,10,7
XGBoost,scale_pos_weight,4,1.591642800000045,1003,1003,67,67,0.05925988778471947,0.13631098704715877,0.6909722222222222,0.18421052631578946,0.4375,0.25925925925925924,0.8675213675213675,0.6525106837606838,0.84,0.20794019892596435,203,31,9,7
XGBoost,scale_pos_weight,5,1.5838935000001584,1003,1003,67,67,0.2515021860599518,0.17919972030878864,0.6693376068376068,0.4166666666666667,0.3125,0.35714285714285715,0.9700854700854701,0.6412927350427351,0.928,0.32354794525974395,227,7,11,5
CatBoost,SMOTE,1,11.310427699999764,1002,1872,66,936,0.03710120408865172,0.185278973725033,0.719205630970337,0.15584415584415584,0.7058823529411765,0.2553191489361702,0.7222222222222222,0.7140522875816994,0.7211155378486056,0.23327181681724263,169,65,5,12
CatBoost,SMOTE,2,11.321560999999747,1002,1872,66,936,0.16305179800300568,0.19628609926404894,0.7712418300653595,0.23333333333333334,0.4117647058823529,0.2978723404255319,0.9017094017094017,0.6567370537958773,0.8685258964143426,0.24281599963401956,211,23,10,7
CatBoost,SMOTE,3,11.497518600000149,1002,1872,66,936,0.32921648173683604,0.3345243201008937,0.7848164906988436,0.625,0.29411764705882354,0.4,0.9871794871794872,0.6406485671191554,0.9402390438247012,0.4023922121430143,231,3,12,5
CatBoost,SMOTE,4,12.707582900000034,1003,1872,67,936,0.0831313215594048,0.12242869970687631,0.6191239316239315,0.20512820512820512,0.5,0.2909090909090909,0.8675213675213675,0.6837606837606838,0.844,0.24790026025365883,203,31,8,8
CatBoost,SMOTE,5,11.996812299999874,1003,1872,67,936,0.21092478880955734,0.1306296315182793,0.6140491452991453,0.21052631578947367,0.25,0.22857142857142856,0.9358974358974359,0.592948717948718,0.892,0.17169534832716749,219,15,12,4
CatBoost,scale_pos_weight,1,10.277065399999628,1002,1002,66,66,0.08836893880365249,0.15964485258807962,0.598793363499246,0.24,0.35294117647058826,0.2857142857142857,0.9188034188034188,0.6358722976370035,0.8804780876494024,0.22801797301121215,215,19,11,6
CatBoost,scale_pos_weight,2,10.133922699999857,1002,1002,66,66,0.11213770866018642,0.22875525393132967,0.7782805429864253,0.32,0.47058823529411764,0.38095238095238093,0.9273504273504274,0.6989693313222725,0.896414342629482,0.3339060603855216,217,17,9,8
CatBoost,scale_pos_weight,3,10.10609629999999,1002,1002,66,66,0.17055044256128007,0.3104617228468099,0.7516339869281046,0.5555555555555556,0.29411764705882354,0.38461538461538464,0.9829059829059829,0.6385118149824032,0.9362549800796812,0.3743865752444123,230,4,12,5
CatBoost,scale_pos_weight,4,10.062322799999947,1003,1003,67,67,0.0383315067390712,0.12959923325124592,0.6207264957264957,0.11940298507462686,0.5,0.1927710843373494,0.7478632478632479,0.6239316239316239,0.732,0.1369673678874116,175,59,8,8
CatBoost,scale_pos_weight,5,10.298307699999896,1003,1003,67,67,0.14052631176050145,0.17286409768019712,0.6976495726495726,0.29411764705882354,0.3125,0.30303030303030304,0.9487179487179487,0.6306089743589743,0.908,0.25396186841726026,222,12,11,5
LightGBM,SMOTE,1,1.5497388999997384,1002,1872,66,936,0.03666688204028318,0.11942465339780987,0.5859728506787331,0.14285714285714285,0.29411764705882354,0.19230769230769232,0.8717948717948718,0.5829562594268477,0.8326693227091634,0.12035126193410742,204,30,12,5
LightGBM,SMOTE,2,1.5827620000000024,1002,1872,66,936,0.23335057736014964,0.1693702746548797,0.7317747611865258,0.36363636363636365,0.23529411764705882,0.2857142857142857,0.9700854700854701,0.6026897938662644,0.9203187250996016,0.25210862496024805,227,7,13,4
LightGBM,SMOTE,3,1.5975389000000177,1002,1872,66,936,0.039979352396324684,0.2739233103088137,0.7998994469582705,0.3225806451612903,0.5882352941176471,0.4166666666666667,0.9102564102564102,0.7492458521870287,0.8884462151394422,0.3807133776476807,213,21,7,10
LightGBM,SMOTE,4,1.5373117999997703,1003,1872,67,936,0.01742806843745084,0.11157994008071923,0.6821581196581197,0.14285714285714285,0.5,0.2222222222222222,0.7948717948717948,0.6474358974358974,0.776,0.17310366974834587,186,48,8,8
LightGBM,SMOTE,5,1.6417083999999704,1003,1872,67,936,0.038616032167544195,0.1532027483208481,0.672542735042735,0.20588235294117646,0.4375,0.28,0.8846153846153846,0.6610576923076923,0.856,0.22999217148458131,207,27,9,7
LightGBM,scale_pos_weight,1,0.8542849999998907,1002,1002,66,66,0.1606777161211338,0.1269903927268976,0.6080945198592257,0.21428571428571427,0.17647058823529413,0.1935483870967742,0.9529914529914529,0.5647310206133735,0.900398406374502,0.14175443286905476,223,11,14,3
LightGBM,scale_pos_weight,2,0.9261645999999928,1002,1002,66,66,0.021282084222322584,0.15058627132986882,0.717948717948718,0.20454545454545456,0.5294117647058824,0.29508196721311475,0.8504273504273504,0.6899195575666164,0.8286852589641435,0.25102707402496405,199,35,8,9
LightGBM,scale_pos_weight,3,0.8905738000003112,1002,1002,66,66,0.017314957964688023,0.22555674455995303,0.7667169431875314,0.2647058823529412,0.5294117647058824,0.35294117647058826,0.8931623931623932,0.7112870789341378,0.8685258964143426,0.31028872767325244,209,25,8,9
LightGBM,scale_pos_weight,4,0.9918755999997302,1003,1003,67,67,0.027850164116314968,0.11411661895251168,0.6220619658119658,0.1724137931034483,0.3125,0.2222222222222222,0.8974358974358975,0.6049679487179487,0.86,0.16045730373865605,210,24,11,5
LightGBM,scale_pos_weight,5,0.8234019999999873,1003,1003,67,67,0.024043155937109588,0.13397511296908832,0.6613247863247862,0.17777777777777778,0.5,0.26229508196721313,0.8418803418803419,0.670940170940171,0.82,0.21780049487348938,197,37,8,8
