failure_type,lot_name,support,error_count,review_count,mean_confidence,error_rate,review_rate,rate_reliable
Edge-Loc,lot47532,3,3,3,0.5189844292564321,1.0,1.0,False
Edge-Loc,lot4030,2,2,2,0.7779782530009449,1.0,1.0,False
Edge-Loc,lot40444,2,2,2,0.9051526779585006,1.0,1.0,False
Edge-Loc,lot40471,2,2,2,0.6931659481804064,1.0,1.0,False
Edge-Loc,lot41961,2,2,2,0.6318423284809803,1.0,1.0,False
Edge-Loc,lot43716,2,2,1,0.9719476916673793,1.0,0.5,False
Edge-Loc,lot45634,2,2,2,0.4360444494907722,1.0,1.0,False
Edge-Loc,lot45832,2,2,2,0.7112817647203,1.0,1.0,False
Edge-Loc,lot47328,2,2,2,0.783161777853772,1.0,1.0,False
Edge-Loc,lot47454,2,2,1,0.8473432212958099,1.0,0.5,False
Edge-Loc,lot1538,1,1,1,0.4064553170319432,1.0,1.0,False
Edge-Loc,lot16514,1,1,1,0.44428724668755093,1.0,1.0,False
Edge-Loc,lot16991,1,1,1,0.8914222005265764,1.0,1.0,False
Edge-Loc,lot17111,1,1,1,0.9143847124781516,1.0,1.0,False
Edge-Loc,lot17149,1,1,1,0.7234240149688228,1.0,1.0,False
Edge-Loc,lot20524,1,1,1,0.8417552483713491,1.0,1.0,False
Edge-Loc,lot214,1,1,1,0.8265641977150167,1.0,1.0,False
Edge-Loc,lot22513,1,1,1,0.8688747225980951,1.0,1.0,False
Edge-Loc,lot23882,1,1,1,0.8786524941530117,1.0,1.0,False
Edge-Loc,lot27308,1,1,1,0.9673193041588275,1.0,1.0,False
Edge-Loc,lot33286,1,1,1,0.5555489897886232,1.0,1.0,False
Edge-Loc,lot36251,1,1,1,0.8626492299505458,1.0,1.0,False
Edge-Loc,lot36743,1,1,1,0.8856066120595524,1.0,1.0,False
Edge-Loc,lot36948,1,1,0,0.9965654271489607,1.0,0.0,False
Edge-Loc,lot38080,1,1,1,0.8716088009246198,1.0,1.0,False
Edge-Loc,lot40411,1,1,1,0.921432594167696,1.0,1.0,False
Edge-Loc,lot40452,1,1,1,0.6538837359583105,1.0,1.0,False
Edge-Loc,lot40578,1,1,0,0.9752426980249914,1.0,0.0,False
Edge-Loc,lot40835,1,1,1,0.5042732008380428,1.0,1.0,False
Edge-Loc,lot40840,1,1,1,0.727180609352054,1.0,1.0,False
Edge-Loc,lot40917,1,1,1,0.7243573170399545,1.0,1.0,False
Edge-Loc,lot40928,1,1,1,0.6870491473740978,1.0,1.0,False
Edge-Loc,lot40993,1,1,1,0.7672529152733856,1.0,1.0,False
Edge-Loc,lot41089,1,1,1,0.9196268892201038,1.0,1.0,False
Edge-Loc,lot41115,1,1,1,0.9686953142162844,1.0,1.0,False
Edge-Loc,lot42249,1,1,0,0.9750863578525163,1.0,0.0,False
Edge-Loc,lot42305,1,1,1,0.8136529920106862,1.0,1.0,False
Edge-Loc,lot42411,1,1,1,0.9339817378182517,1.0,1.0,False
Edge-Loc,lot42427,1,1,1,0.7682422448948922,1.0,1.0,False
Edge-Loc,lot42709,1,1,1,0.7764914589473505,1.0,1.0,False
Edge-Loc,lot42718,1,1,0,0.9848464198186718,1.0,0.0,False
Edge-Loc,lot43484,1,1,0,0.9993180720959902,1.0,0.0,False
Edge-Loc,lot43721,1,1,1,0.7637899976939101,1.0,1.0,False
Edge-Loc,lot43743,1,1,1,0.950602400859545,1.0,1.0,False
Edge-Loc,lot43975,1,1,1,0.972166250117977,1.0,1.0,False
Edge-Loc,lot43978,1,1,1,0.6276729522128416,1.0,1.0,False
Edge-Loc,lot44000,1,1,1,0.6909164527501218,1.0,1.0,False
Edge-Loc,lot44026,1,1,1,0.8499540362003242,1.0,1.0,False
Edge-Loc,lot44059,1,1,1,0.7018247597765699,1.0,1.0,False
Edge-Loc,lot4413,1,1,1,0.5232932425865967,1.0,1.0,False
Edge-Loc,lot44194,1,1,0,0.9764877415904666,1.0,0.0,False
Edge-Loc,lot44341,1,1,1,0.704409271248583,1.0,1.0,False
Edge-Loc,lot44825,1,1,0,0.9864147595808559,1.0,0.0,False
Edge-Loc,lot45216,1,1,1,0.9173712885396702,1.0,1.0,False
Edge-Loc,lot45354,1,1,0,0.9774316748686439,1.0,0.0,False
Edge-Loc,lot45424,1,1,1,0.5151041998486604,1.0,1.0,False
Edge-Loc,lot45545,1,1,1,0.7545807755095417,1.0,1.0,False
Edge-Loc,lot45614,1,1,1,0.6621222904987293,1.0,1.0,False
Edge-Loc,lot45633,1,1,1,0.7076625148614399,1.0,1.0,False
Edge-Loc,lot45922,1,1,1,0.7709400960672436,1.0,1.0,False
Edge-Loc,lot45950,1,1,1,0.9338286977591,1.0,1.0,False
Edge-Loc,lot46008,1,1,1,0.9272810196236089,1.0,1.0,False
Edge-Loc,lot46229,1,1,1,0.5316913073921493,1.0,1.0,False
Edge-Loc,lot46455,1,1,1,0.8587555528923339,1.0,1.0,False
Edge-Loc,lot46532,1,1,1,0.9723840261198957,1.0,1.0,False
Edge-Loc,lot46550,1,1,1,0.8326435988989228,1.0,1.0,False
Edge-Loc,lot46598,1,1,1,0.8670322016162699,1.0,1.0,False
Edge-Loc,lot46816,1,1,1,0.8060855199140521,1.0,1.0,False
Edge-Loc,lot46885,1,1,1,0.6887865510823855,1.0,1.0,False
Edge-Loc,lot47088,1,1,1,0.7797661739229472,1.0,1.0,False
Edge-Loc,lot47101,1,1,1,0.8231491224269699,1.0,1.0,False
Edge-Loc,lot47238,1,1,1,0.5929713106494658,1.0,1.0,False
Edge-Loc,lot47331,1,1,1,0.7934282986412258,1.0,1.0,False
Edge-Loc,lot47334,1,1,1,0.46170108911770286,1.0,1.0,False
Edge-Loc,lot47410,1,1,1,0.8697951493300566,1.0,1.0,False
Edge-Loc,lot47521,1,1,1,0.9445399696632609,1.0,1.0,False
Edge-Loc,lot47524,1,1,1,0.8728847609430307,1.0,1.0,False
Edge-Loc,lot4762,1,1,1,0.5525240434101052,1.0,1.0,False
Edge-Loc,lot5816,1,1,1,0.8301514275939353,1.0,1.0,False
Edge-Loc,lot6199,1,1,1,0.7295693827625128,1.0,1.0,False
Edge-Loc,lot45311,7,5,7,0.7593032388125748,0.7142857142857143,1.0,True
Edge-Loc,lot40417,3,2,2,0.7336358095791565,0.6666666666666666,0.6666666666666666,False
Edge-Loc,lot45283,3,2,2,0.856835379743663,0.6666666666666666,0.6666666666666666,False
Edge-Loc,lot45337,9,5,9,0.7768368552528332,0.5555555555555556,1.0,True
Edge-Loc,lot45768,4,2,3,0.8435826121334925,0.5,0.75,False
Edge-Loc,lot47490,4,2,4,0.8456419548731801,0.5,1.0,False
Edge-Loc,lot13703,2,1,2,0.7643077646601854,0.5,1.0,False
Edge-Loc,lot25889,2,1,2,0.6868943623062604,0.5,1.0,False
Edge-Loc,lot42335,2,1,2,0.7480634034831065,0.5,1.0,False
Edge-Loc,lot42980,2,1,2,0.8620230238451931,0.5,1.0,False
Edge-Loc,lot44191,2,1,1,0.9468401417010157,0.5,0.5,False
Edge-Loc,lot44776,2,1,2,0.5003726351646871,0.5,1.0,False
Edge-Loc,lot45754,2,1,2,0.7347557541624974,0.5,1.0,False
Edge-Loc,lot45792,2,1,2,0.6785893303131043,0.5,1.0,False
Edge-Loc,lot45811,2,1,2,0.8264665921008423,0.5,1.0,False
Edge-Loc,lot45958,2,1,2,0.6595396962440425,0.5,1.0,False
Edge-Loc,lot46153,2,1,1,0.9590842117967872,0.5,0.5,False
Edge-Loc,lot46446,2,1,2,0.7795662087811793,0.5,1.0,False
Edge-Loc,lot46669,2,1,2,0.49533785849943746,0.5,1.0,False
Edge-Loc,lot46836,2,1,2,0.5712533082532549,0.5,1.0,False
Edge-Loc,lot47285,2,1,2,0.7885498371762282,0.5,1.0,False
Edge-Loc,lot47349,2,1,2,0.7929586859961137,0.5,1.0,False
Edge-Loc,lot47539,2,1,2,0.6324478601489136,0.5,1.0,False
Edge-Loc,lot3692,3,1,2,0.9407782530487595,0.3333333333333333,0.6666666666666666,False
Edge-Loc,lot40491,3,1,2,0.9006568872930738,0.3333333333333333,0.6666666666666666,False
Edge-Loc,lot41006,3,1,2,0.8913094794700355,0.3333333333333333,0.6666666666666666,False
Edge-Loc,lot44492,3,1,1,0.8766927424299356,0.3333333333333333,0.3333333333333333,False
Edge-Loc,lot45323,3,1,2,0.836386145006247,0.3333333333333333,0.6666666666666666,False
Edge-Loc,lot45377,3,1,2,0.7981367627719594,0.3333333333333333,0.6666666666666666,False
Edge-Loc,lot45610,3,1,2,0.8466650960198008,0.3333333333333333,0.6666666666666666,False
Edge-Loc,lot46540,3,1,2,0.9117343121076072,0.3333333333333333,0.6666666666666666,False
Edge-Loc,lot45316,7,2,6,0.8268183915760393,0.2857142857142857,0.8571428571428571,True
Edge-Loc,lot42684,4,1,3,0.8302747300534193,0.25,0.75,False
Edge-Loc,lot43676,4,1,1,0.9738052045157319,0.25,0.25,False
Edge-Loc,lot45375,4,1,4,0.8947863254646403,0.25,1.0,False
Edge-Loc,lot45379,4,1,4,0.85709622947197,0.25,1.0,False
Edge-Loc,lot45707,4,1,4,0.5618667822742756,0.25,1.0,False
Edge-Loc,lot45705,5,1,4,0.8135105356496485,0.2,0.8,True
Edge-Loc,lot45770,5,1,4,0.833332509423839,0.2,0.8,True
Edge-Loc,lot45838,6,1,5,0.8825479482891013,0.16666666666666666,0.8333333333333334,True
Edge-Loc,lot4642,8,1,3,0.9188038394082341,0.125,0.375,True
Edge-Loc,lot2783,12,1,8,0.8847345484328737,0.08333333333333333,0.6666666666666666,True
Edge-Loc,lot14756,14,0,1,0.9978113514291069,0.0,0.07142857142857142,True
Edge-Loc,lot2993,9,0,0,0.9971857834805612,0.0,0.0,True
Edge-Loc,lot14655,7,0,0,0.9952342757715467,0.0,0.0,True
Edge-Loc,lot18086,6,0,2,0.9737447174818321,0.0,0.3333333333333333,True
Edge-Loc,lot24630,6,0,0,0.9961784333274614,0.0,0.0,True
Edge-Loc,lot5648,6,0,1,0.9802106123768057,0.0,0.16666666666666666,True
Edge-Loc,lot24746,5,0,0,0.993318623318479,0.0,0.0,True
Edge-Loc,lot43672,5,0,1,0.9897420637649146,0.0,0.2,True
Edge-Loc,lot45324,5,0,3,0.7671453024378815,0.0,0.6,True
Edge-Loc,lot4668,5,0,4,0.9603334498921858,0.0,0.8,True
Edge-Loc,lot15190,4,0,3,0.859390099643957,0.0,0.75,False
Edge-Loc,lot15307,4,0,4,0.7975650194851875,0.0,1.0,False
Edge-Loc,lot19512,4,0,3,0.850046041089155,0.0,0.75,False
Edge-Loc,lot24781,4,0,1,0.9797672767538171,0.0,0.25,False
Edge-Loc,lot37370,4,0,4,0.9486600222486155,0.0,1.0,False
Edge-Loc,lot24695,3,0,0,0.994284564260851,0.0,0.0,False
Edge-Loc,lot3584,3,0,1,0.83865512469829,0.0,0.3333333333333333,False
Edge-Loc,lot3919,3,0,1,0.8504550856379112,0.0,0.3333333333333333,False
Edge-Loc,lot40434,3,0,3,0.8905066370506262,0.0,1.0,False
Edge-Loc,lot4137,3,0,0,0.9940515502130317,0.0,0.0,False
Edge-Loc,lot42226,3,0,1,0.8906936240880478,0.0,0.3333333333333333,False
Edge-Loc,lot42285,3,0,2,0.8615181567706625,0.0,0.6666666666666666,False
Edge-Loc,lot42288,3,0,2,0.9226941323012566,0.0,0.6666666666666666,False
Edge-Loc,lot45733,3,0,1,0.8518082080100743,0.0,0.3333333333333333,False
Edge-Loc,lot45781,3,0,0,0.9936024109245188,0.0,0.0,False
Edge-Loc,lot45858,3,0,2,0.6661085196066141,0.0,0.6666666666666666,False
Edge-Loc,lot45879,3,0,3,0.8685942019001892,0.0,1.0,False
Edge-Loc,lot47510,3,0,2,0.9314294268496605,0.0,0.6666666666666666,False
Edge-Loc,lot47537,3,0,1,0.9844219158756986,0.0,0.3333333333333333,False
Edge-Loc,lot5800,3,0,2,0.8397029736055809,0.0,0.6666666666666666,False
Edge-Loc,lot6222,3,0,0,0.9928146686977714,0.0,0.0,False
Edge-Loc,lot14687,2,0,0,0.9958902264585212,0.0,0.0,False
Edge-Loc,lot17628,2,0,0,0.9998574655447283,0.0,0.0,False
Edge-Loc,lot20,2,0,0,0.9928470200675358,0.0,0.0,False
Edge-Loc,lot2086,2,0,2,0.827690649506508,0.0,1.0,False
Edge-Loc,lot21718,2,0,1,0.8608654693238809,0.0,0.5,False
Edge-Loc,lot26118,2,0,0,0.9917124810777982,0.0,0.0,False
Edge-Loc,lot26301,2,0,0,0.9870791143394207,0.0,0.0,False
Edge-Loc,lot26471,2,0,0,0.9962176201544326,0.0,0.0,False
Edge-Loc,lot2735,2,0,0,0.9945027684107557,0.0,0.0,False
Edge-Loc,lot33333,2,0,0,0.9969284350292127,0.0,0.0,False
Edge-Loc,lot36509,2,0,1,0.9764719910122097,0.0,0.5,False
Edge-Loc,lot36519,2,0,0,0.9960854339056042,0.0,0.0,False
Edge-Loc,lot38104,2,0,1,0.9751526677379287,0.0,0.5,False
Edge-Loc,lot40396,2,0,2,0.932240556797377,0.0,1.0,False
Edge-Loc,lot40908,2,0,0,0.9900256048407439,0.0,0.0,False
Edge-Loc,lot40945,2,0,2,0.7528965399384292,0.0,1.0,False
Edge-Loc,lot41012,2,0,0,0.9956759292445025,0.0,0.0,False
Edge-Loc,lot41074,2,0,1,0.9004654357995913,0.0,0.5,False
Edge-Loc,lot42132,2,0,1,0.7744928050512907,0.0,0.5,False
Edge-Loc,lot42185,2,0,1,0.9306506523865649,0.0,0.5,False
Edge-Loc,lot42280,2,0,1,0.8692276289550244,0.0,0.5,False
Edge-Loc,lot42710,2,0,2,0.7128929658287275,0.0,1.0,False
Edge-Loc,lot42840,2,0,0,0.985278473529249,0.0,0.0,False
Edge-Loc,lot43319,2,0,1,0.8673051651947772,0.0,0.5,False
Edge-Loc,lot43327,2,0,1,0.9012062430011046,0.0,0.5,False
Edge-Loc,lot43554,2,0,1,0.8175481012621895,0.0,0.5,False
Edge-Loc,lot43647,2,0,2,0.8974175606097486,0.0,1.0,False
Edge-Loc,lot43681,2,0,1,0.7267995645210894,0.0,0.5,False
Edge-Loc,lot44865,2,0,0,0.9987272052202765,0.0,0.0,False
Edge-Loc,lot44899,2,0,0,0.9905287131419673,0.0,0.0,False
Edge-Loc,lot45382,2,0,2,0.765785476032125,0.0,1.0,False
Edge-Loc,lot45393,2,0,1,0.7807864841026806,0.0,0.5,False
Edge-Loc,lot45541,2,0,1,0.9799339433641319,0.0,0.5,False
Edge-Loc,lot45743,2,0,1,0.7523463129590819,0.0,0.5,False
Edge-Loc,lot45776,2,0,1,0.9755256674700772,0.0,0.5,False
Edge-Loc,lot45791,2,0,2,0.9515891811339994,0.0,1.0,False
Edge-Loc,lot45856,2,0,2,0.8252134858837217,0.0,1.0,False
Edge-Loc,lot45866,2,0,0,0.9962526618341029,0.0,0.0,False
Edge-Loc,lot4667,2,0,1,0.9574450185678693,0.0,0.5,False
Edge-Loc,lot46793,2,0,1,0.960417594414939,0.0,0.5,False
Edge-Loc,lot46808,2,0,1,0.8269034214543132,0.0,0.5,False
Edge-Loc,lot46938,2,0,1,0.8374631345044107,0.0,0.5,False
Edge-Loc,lot47407,2,0,0,0.998567482308249,0.0,0.0,False
Edge-Loc,lot5825,2,0,1,0.6954015242127138,0.0,0.5,False
Edge-Loc,lot5911,2,0,1,0.9683056295513364,0.0,0.5,False
Edge-Loc,lot61,2,0,0,0.9927154090034435,0.0,0.0,False
Edge-Loc,lot6118,2,0,1,0.9794045691239548,0.0,0.5,False
Edge-Loc,lot8875,2,0,1,0.979538706980317,0.0,0.5,False
Edge-Loc,lot10586,1,0,1,0.9380223752795955,0.0,1.0,False
Edge-Loc,lot106,1,0,0,0.9995244965185296,0.0,0.0,False
Edge-Loc,lot10848,1,0,0,0.995422436603957,0.0,0.0,False
Edge-Loc,lot10973,1,0,1,0.862645812575019,0.0,1.0,False
Edge-Loc,lot10986,1,0,0,0.978872244698993,0.0,0.0,False
Edge-Loc,lot11463,1,0,0,0.998022362072126,0.0,0.0,False
Edge-Loc,lot11712,1,0,0,0.9957078844264365,0.0,0.0,False
Edge-Loc,lot11827,1,0,1,0.9723515416547626,0.0,1.0,False
Edge-Loc,lot12323,1,0,0,0.9924509804889423,0.0,0.0,False
Edge-Loc,lot12480,1,0,1,0.9006220906217136,0.0,1.0,False
Edge-Loc,lot13013,1,0,0,0.9880996846868032,0.0,0.0,False
Edge-Loc,lot13549,1,0,0,0.98855290238039,0.0,0.0,False
Edge-Loc,lot13710,1,0,1,0.9626812065718623,0.0,1.0,False
Edge-Loc,lot1388,1,0,1,0.9294856047088466,0.0,1.0,False
Edge-Loc,lot14071,1,0,0,0.9999292108648534,0.0,0.0,False
Edge-Loc,lot1426,1,0,0,0.9756976726615246,0.0,0.0,False
Edge-Loc,lot15084,1,0,1,0.5992955434955112,0.0,1.0,False
Edge-Loc,lot15314,1,0,0,0.9997431395171644,0.0,0.0,False
Edge-Loc,lot15350,1,0,1,0.9529077452968943,0.0,1.0,False
Edge-Loc,lot15361,1,0,1,0.791827629358622,0.0,1.0,False
Edge-Loc,lot15363,1,0,0,0.9944521231891892,0.0,0.0,False
Edge-Loc,lot15576,1,0,1,0.6785948916676093,0.0,1.0,False
Edge-Loc,lot15655,1,0,1,0.5906772352051829,0.0,1.0,False
Edge-Loc,lot15661,1,0,0,0.9938233030154183,0.0,0.0,False
Edge-Loc,lot15678,1,0,0,0.9793057532797241,0.0,0.0,False
Edge-Loc,lot15695,1,0,1,0.7750956792791853,0.0,1.0,False
Edge-Loc,lot15929,1,0,1,0.9363944049289173,0.0,1.0,False
Edge-Loc,lot16089,1,0,0,0.9993067408423277,0.0,0.0,False
Edge-Loc,lot1625,1,0,0,0.9996804413428328,0.0,0.0,False
Edge-Loc,lot16620,1,0,0,0.996038864144298,0.0,0.0,False
Edge-Loc,lot172,1,0,1,0.5971770786249032,0.0,1.0,False
Edge-Loc,lot17700,1,0,1,0.523307729465044,0.0,1.0,False
Edge-Loc,lot18959,1,0,0,0.9959543031574923,0.0,0.0,False
Edge-Loc,lot194,1,0,1,0.9724021235523328,0.0,1.0,False
Edge-Loc,lot19480,1,0,1,0.9270856912394123,0.0,1.0,False
Edge-Loc,lot20301,1,0,0,0.9977301763720167,0.0,0.0,False
Edge-Loc,lot20360,1,0,1,0.5493152207250724,0.0,1.0,False
Edge-Loc,lot20855,1,0,0,0.9922962623085686,0.0,0.0,False
Edge-Loc,lot20948,1,0,0,0.9812999311188059,0.0,0.0,False
Edge-Loc,lot210,1,0,1,0.8094479920954453,0.0,1.0,False
Edge-Loc,lot21859,1,0,0,0.9913870002311193,0.0,0.0,False
Edge-Loc,lot22723,1,0,1,0.616375608051541,0.0,1.0,False
Edge-Loc,lot22862,1,0,1,0.805308562736173,0.0,1.0,False
Edge-Loc,lot22982,1,0,0,0.9860649413891434,0.0,0.0,False
Edge-Loc,lot22986,1,0,0,0.9981449938620717,0.0,0.0,False
Edge-Loc,lot23425,1,0,1,0.7404430969064177,0.0,1.0,False
Edge-Loc,lot23509,1,0,0,0.9929422339712095,0.0,0.0,False
Edge-Loc,lot23642,1,0,0,0.9873590698326287,0.0,0.0,False
Edge-Loc,lot23802,1,0,0,0.9841224231440875,0.0,0.0,False
Edge-Loc,lot24029,1,0,0,0.9804422624849731,0.0,0.0,False
Edge-Loc,lot24073,1,0,0,0.996271309364694,0.0,0.0,False
Edge-Loc,lot24075,1,0,1,0.9011670758277013,0.0,1.0,False
Edge-Loc,lot242,1,0,0,0.9993430963071501,0.0,0.0,False
Edge-Loc,lot24339,1,0,0,0.9934787635221939,0.0,0.0,False
Edge-Loc,lot24562,1,0,0,0.9811796676873203,0.0,0.0,False
Edge-Loc,lot24725,1,0,0,0.9976173389096924,0.0,0.0,False
Edge-Loc,lot24744,1,0,0,0.9969446371254101,0.0,0.0,False
Edge-Loc,lot25933,1,0,0,0.9846758456804553,0.0,0.0,False
Edge-Loc,lot260,1,0,0,0.999862904354575,0.0,0.0,False
Edge-Loc,lot2611,1,0,0,0.9980653008635995,0.0,0.0,False
Edge-Loc,lot26337,1,0,0,0.9999622342502424,0.0,0.0,False
Edge-Loc,lot26406,1,0,0,0.976212603702007,0.0,0.0,False
Edge-Loc,lot26442,1,0,1,0.7782584441660597,0.0,1.0,False
Edge-Loc,lot26508,1,0,0,0.9991938364840575,0.0,0.0,False
Edge-Loc,lot2818,1,0,1,0.8419877089217378,0.0,1.0,False
Edge-Loc,lot284,1,0,1,0.6024081128387659,0.0,1.0,False
Edge-Loc,lot285,1,0,0,0.9791904774798327,0.0,0.0,False
Edge-Loc,lot33240,1,0,1,0.6802480130834646,0.0,1.0,False
Edge-Loc,lot33541,1,0,1,0.9654608514150527,0.0,1.0,False
Edge-Loc,lot33657,1,0,1,0.9624083624487898,0.0,1.0,False
Edge-Loc,lot34,1,0,1,0.8614739197477186,0.0,1.0,False
Edge-Loc,lot35519,1,0,0,0.9914317083193307,0.0,0.0,False
Edge-Loc,lot35539,1,0,0,0.9943813881112303,0.0,0.0,False
Edge-Loc,lot35573,1,0,1,0.5401245507123489,0.0,1.0,False
Edge-Loc,lot36009,1,0,0,0.9999249574424215,0.0,0.0,False
Edge-Loc,lot36162,1,0,0,0.9995599926859491,0.0,0.0,False
Edge-Loc,lot36321,1,0,0,0.9861126454723625,0.0,0.0,False
Edge-Loc,lot36608,1,0,1,0.9675787222756868,0.0,1.0,False
Edge-Loc,lot36825,1,0,1,0.8575072537072783,0.0,1.0,False
Edge-Loc,lot36913,1,0,1,0.8203695943889607,0.0,1.0,False
Edge-Loc,lot37070,1,0,0,0.9780686380656699,0.0,0.0,False
Edge-Loc,lot37197,1,0,1,0.875960700091933,0.0,1.0,False
Edge-Loc,lot37207,1,0,1,0.967512315926572,0.0,1.0,False
Edge-Loc,lot37215,1,0,1,0.846879144696146,0.0,1.0,False
Edge-Loc,lot37452,1,0,1,0.93774478016921,0.0,1.0,False
Edge-Loc,lot37953,1,0,0,0.9868895180097385,0.0,0.0,False
Edge-Loc,lot38016,1,0,0,0.9980725511540605,0.0,0.0,False
Edge-Loc,lot38133,1,0,1,0.7619979142135359,0.0,1.0,False
Edge-Loc,lot38163,1,0,0,0.9802405892125559,0.0,0.0,False
Edge-Loc,lot38177,1,0,0,0.9812183242448695,0.0,0.0,False
Edge-Loc,lot38183,1,0,1,0.9660791587002268,0.0,1.0,False
Edge-Loc,lot38245,1,0,1,0.9694573117661572,0.0,1.0,False
Edge-Loc,lot38534,1,0,0,0.9979516768209982,0.0,0.0,False
Edge-Loc,lot38604,1,0,0,0.9915019385741367,0.0,0.0,False
Edge-Loc,lot38615,1,0,0,0.99993257464972,0.0,0.0,False
Edge-Loc,lot3879,1,0,1,0.7094978426493328,0.0,1.0,False
Edge-Loc,lot3886,1,0,0,0.9995269727657906,0.0,0.0,False
Edge-Loc,lot40388,1,0,1,0.9375242640737937,0.0,1.0,False
Edge-Loc,lot40390,1,0,1,0.8837172709270883,0.0,1.0,False
Edge-Loc,lot40402,1,0,1,0.8851041958386511,0.0,1.0,False
Edge-Loc,lot40418,1,0,1,0.6089989970942533,0.0,1.0,False
Edge-Loc,lot40449,1,0,0,0.9991663066985005,0.0,0.0,False
Edge-Loc,lot40467,1,0,0,0.9949103328305967,0.0,0.0,False
Edge-Loc,lot40486,1,0,0,0.984802195454068,0.0,0.0,False
Edge-Loc,lot40518,1,0,0,0.9983211804561247,0.0,0.0,False
Edge-Loc,lot40536,1,0,0,0.9921033838086978,0.0,0.0,False
Edge-Loc,lot40555,1,0,0,0.9851403264788356,0.0,0.0,False
Edge-Loc,lot40564,1,0,0,0.9836937770818157,0.0,0.0,False
Edge-Loc,lot40665,1,0,0,0.9793334459702226,0.0,0.0,False
Edge-Loc,lot40722,1,0,0,0.9995558579928053,0.0,0.0,False
Edge-Loc,lot40723,1,0,1,0.5535097972139037,0.0,1.0,False
Edge-Loc,lot40781,1,0,1,0.9739495287745108,0.0,1.0,False
Edge-Loc,lot40785,1,0,0,0.9993394643696178,0.0,0.0,False
Edge-Loc,lot4083,1,0,0,0.9936593993658647,0.0,0.0,False
Edge-Loc,lot40870,1,0,1,0.5347485792386587,0.0,1.0,False
Edge-Loc,lot40900,1,0,1,0.9579467081453397,0.0,1.0,False
Edge-Loc,lot40951,1,0,1,0.9374978948275648,0.0,1.0,False
Edge-Loc,lot40998,1,0,1,0.6310418783160467,0.0,1.0,False
Edge-Loc,lot41003,1,0,1,0.856793621176743,0.0,1.0,False
Edge-Loc,lot41022,1,0,0,0.9972821714963854,0.0,0.0,False
Edge-Loc,lot41076,1,0,1,0.8445871692512956,0.0,1.0,False
Edge-Loc,lot41113,1,0,0,0.9776309139762519,0.0,0.0,False
Edge-Loc,lot4140,1,0,1,0.6369383814186166,0.0,1.0,False
Edge-Loc,lot42013,1,0,1,0.9216095688772827,0.0,1.0,False
Edge-Loc,lot42172,1,0,1,0.917317070772857,0.0,1.0,False
Edge-Loc,lot42182,1,0,1,0.6641625226948331,0.0,1.0,False
Edge-Loc,lot42230,1,0,0,0.9999501069396307,0.0,0.0,False
Edge-Loc,lot42247,1,0,1,0.8978236611823668,0.0,1.0,False
Edge-Loc,lot42289,1,0,1,0.7744493930262393,0.0,1.0,False
Edge-Loc,lot42307,1,0,0,0.9889251023476309,0.0,0.0,False
Edge-Loc,lot42347,1,0,0,0.9966235888290862,0.0,0.0,False
Edge-Loc,lot42352,1,0,1,0.9737453776836668,0.0,1.0,False
Edge-Loc,lot42356,1,0,0,0.9969756583100847,0.0,0.0,False
Edge-Loc,lot42396,1,0,0,0.9991376874372272,0.0,0.0,False
Edge-Loc,lot42437,1,0,0,0.9977869215004042,0.0,0.0,False
Edge-Loc,lot42681,1,0,1,0.9069833534641684,0.0,1.0,False
Edge-Loc,lot42702,1,0,1,0.7029000200869981,0.0,1.0,False
Edge-Loc,lot42862,1,0,0,0.9994990776390474,0.0,0.0,False
Edge-Loc,lot42962,1,0,1,0.9748430832778446,0.0,1.0,False
Edge-Loc,lot42973,1,0,0,0.9992675437391356,0.0,0.0,False
Edge-Loc,lot43051,1,0,0,0.9965521853355144,0.0,0.0,False
Edge-Loc,lot43123,1,0,1,0.9687985904339569,0.0,1.0,False
Edge-Loc,lot43155,1,0,0,0.9999850641499779,0.0,0.0,False
Edge-Loc,lot43169,1,0,1,0.9112732520848821,0.0,1.0,False
Edge-Loc,lot43190,1,0,1,0.971618225677321,0.0,1.0,False
Edge-Loc,lot43246,1,0,0,0.9918915401974508,0.0,0.0,False
Edge-Loc,lot43326,1,0,1,0.7873318011392195,0.0,1.0,False
Edge-Loc,lot43330,1,0,0,0.9972641181723761,0.0,0.0,False
Edge-Loc,lot43378,1,0,0,0.9860042163983235,0.0,0.0,False
Edge-Loc,lot43416,1,0,0,0.9987456431773237,0.0,0.0,False
Edge-Loc,lot43440,1,0,0,0.9976468959087367,0.0,0.0,False
Edge-Loc,lot43477,1,0,0,0.9773856091488425,0.0,0.0,False
Edge-Loc,lot43517,1,0,0,0.9985858356579373,0.0,0.0,False
Edge-Loc,lot4360,1,0,0,0.9900472378513913,0.0,0.0,False
Edge-Loc,lot43663,1,0,1,0.4018584015043116,0.0,1.0,False
Edge-Loc,lot43669,1,0,0,0.999712288563393,0.0,0.0,False
Edge-Loc,lot43751,1,0,0,0.9750957272926492,0.0,0.0,False
Edge-Loc,lot43773,1,0,0,0.9988792556369404,0.0,0.0,False
Edge-Loc,lot43814,1,0,1,0.9267465000449933,0.0,1.0,False
Edge-Loc,lot43836,1,0,1,0.7369587600104605,0.0,1.0,False
Edge-Loc,lot43949,1,0,1,0.7794464010033675,0.0,1.0,False
Edge-Loc,lot43951,1,0,1,0.7301955245397806,0.0,1.0,False
Edge-Loc,lot44054,1,0,1,0.765446964782882,0.0,1.0,False
Edge-Loc,lot44060,1,0,0,0.990237848078372,0.0,0.0,False
Edge-Loc,lot44091,1,0,0,0.9832660680819225,0.0,0.0,False
Edge-Loc,lot44124,1,0,1,0.9695133514728763,0.0,1.0,False
Edge-Loc,lot44178,1,0,1,0.7943225866094317,0.0,1.0,False
Edge-Loc,lot44210,1,0,0,0.9810095210478706,0.0,0.0,False
Edge-Loc,lot44268,1,0,1,0.4730904670131664,0.0,1.0,False
Edge-Loc,lot44293,1,0,1,0.9685230345511376,0.0,1.0,False
Edge-Loc,lot44339,1,0,0,0.9980419050231583,0.0,0.0,False
Edge-Loc,lot44340,1,0,1,0.5137760762320787,0.0,1.0,False
Edge-Loc,lot44369,1,0,1,0.8707993938303309,0.0,1.0,False
Edge-Loc,lot44385,1,0,0,0.9980139685031322,0.0,0.0,False
Edge-Loc,lot44415,1,0,0,0.9993229607867053,0.0,0.0,False
Edge-Loc,lot44451,1,0,0,0.9997136042672026,0.0,0.0,False
Edge-Loc,lot44503,1,0,1,0.659699499232492,0.0,1.0,False
Edge-Loc,lot44575,1,0,1,0.5598077687541553,0.0,1.0,False
Edge-Loc,lot44822,1,0,1,0.7260137940576527,0.0,1.0,False
Edge-Loc,lot44935,1,0,1,0.9073938524182044,0.0,1.0,False
Edge-Loc,lot44959,1,0,0,0.9812280884946848,0.0,0.0,False
Edge-Loc,lot45008,1,0,1,0.9179996190742806,0.0,1.0,False
Edge-Loc,lot45043,1,0,0,0.9999545791040925,0.0,0.0,False
Edge-Loc,lot45065,1,0,0,0.9933143239314819,0.0,0.0,False
Edge-Loc,lot4509,1,0,1,0.7252256812747024,0.0,1.0,False
Edge-Loc,lot45099,1,0,1,0.9685641194328309,0.0,1.0,False
Edge-Loc,lot45262,1,0,1,0.7379582998116433,0.0,1.0,False
Edge-Loc,lot45362,1,0,1,0.5386491698754019,0.0,1.0,False
Edge-Loc,lot45392,1,0,1,0.9528831903163926,0.0,1.0,False
Edge-Loc,lot45397,1,0,0,0.9979036905657118,0.0,0.0,False
Edge-Loc,lot45406,1,0,0,0.994966791716668,0.0,0.0,False
Edge-Loc,lot45446,1,0,0,0.9997934851140069,0.0,0.0,False
Edge-Loc,lot45506,1,0,1,0.6439693698328608,0.0,1.0,False
Edge-Loc,lot45555,1,0,1,0.967735768345217,0.0,1.0,False
Edge-Loc,lot45556,1,0,0,0.9951564761376743,0.0,0.0,False
Edge-Loc,lot45568,1,0,0,0.9918795984815802,0.0,0.0,False
Edge-Loc,lot45667,1,0,0,0.9997826602258693,0.0,0.0,False
Edge-Loc,lot45670,1,0,0,0.9994073827881875,0.0,0.0,False
Edge-Loc,lot45779,1,0,1,0.931356421174576,0.0,1.0,False
Edge-Loc,lot45796,1,0,0,0.9985258157581387,0.0,0.0,False
Edge-Loc,lot45808,1,0,1,0.9414835597509703,0.0,1.0,False
Edge-Loc,lot45817,1,0,1,0.7371040129302555,0.0,1.0,False
Edge-Loc,lot45877,1,0,0,0.9959082123755238,0.0,0.0,False
Edge-Loc,lot45911,1,0,0,0.999761161515946,0.0,0.0,False
Edge-Loc,lot45919,1,0,1,0.8467957814454061,0.0,1.0,False
Edge-Loc,lot45938,1,0,1,0.5835192524846967,0.0,1.0,False
Edge-Loc,lot46075,1,0,0,0.9901025889747026,0.0,0.0,False
Edge-Loc,lot4612,1,0,0,0.980950049173184,0.0,0.0,False
Edge-Loc,lot46238,1,0,1,0.8251705287860427,0.0,1.0,False
Edge-Loc,lot46252,1,0,1,0.9250952005032311,0.0,1.0,False
Edge-Loc,lot46267,1,0,1,0.9689998159278991,0.0,1.0,False
Edge-Loc,lot46282,1,0,0,0.9973820468576112,0.0,0.0,False
Edge-Loc,lot46308,1,0,1,0.869408524429835,0.0,1.0,False
Edge-Loc,lot46383,1,0,1,0.9515915681165406,0.0,1.0,False
Edge-Loc,lot46466,1,0,0,0.9997317407882111,0.0,0.0,False
Edge-Loc,lot4650,1,0,1,0.9684222761276905,0.0,1.0,False
Edge-Loc,lot46739,1,0,1,0.9004415406020303,0.0,1.0,False
Edge-Loc,lot46742,1,0,1,0.9729606049133489,0.0,1.0,False
Edge-Loc,lot46784,1,0,1,0.7037945365408205,0.0,1.0,False
Edge-Loc,lot46844,1,0,0,0.999220889000039,0.0,0.0,False
Edge-Loc,lot46851,1,0,0,0.986706691554846,0.0,0.0,False
Edge-Loc,lot46926,1,0,0,0.9961753171383629,0.0,0.0,False
Edge-Loc,lot46957,1,0,1,0.6191699565183871,0.0,1.0,False
Edge-Loc,lot46960,1,0,1,0.9267740339842913,0.0,1.0,False
Edge-Loc,lot46965,1,0,1,0.6827641187758589,0.0,1.0,False
Edge-Loc,lot46969,1,0,1,0.9119294501704845,0.0,1.0,False
Edge-Loc,lot47018,1,0,1,0.860216091285068,0.0,1.0,False
Edge-Loc,lot47053,1,0,0,0.9977189225975222,0.0,0.0,False
Edge-Loc,lot4707,1,0,1,0.965520021405927,0.0,1.0,False
Edge-Loc,lot47157,1,0,1,0.4434464904023735,0.0,1.0,False
Edge-Loc,lot47167,1,0,1,0.817199560803398,0.0,1.0,False
Edge-Loc,lot47281,1,0,1,0.9153779775228937,0.0,1.0,False
Edge-Loc,lot47283,1,0,1,0.8396104075087699,0.0,1.0,False
Edge-Loc,lot47350,1,0,1,0.7338499411663911,0.0,1.0,False
Edge-Loc,lot47365,1,0,0,0.977890678035885,0.0,0.0,False
Edge-Loc,lot47436,1,0,1,0.8099179829540026,0.0,1.0,False
Edge-Loc,lot4759,1,0,0,0.9819574453292699,0.0,0.0,False
Edge-Loc,lot4870,1,0,0,0.9901006374996301,0.0,0.0,False
Edge-Loc,lot4950,1,0,1,0.9684902626242472,0.0,1.0,False
Edge-Loc,lot5010,1,0,1,0.929511413709425,0.0,1.0,False
Edge-Loc,lot5163,1,0,1,0.6104117603530937,0.0,1.0,False
Edge-Loc,lot5275,1,0,1,0.9608327675893852,0.0,1.0,False
Edge-Loc,lot5378,1,0,0,0.9868491576837579,0.0,0.0,False
Edge-Loc,lot5452,1,0,0,0.9955003021435826,0.0,0.0,False
Edge-Loc,lot5461,1,0,0,0.9994397930452432,0.0,0.0,False
Edge-Loc,lot5483,1,0,0,0.9940772263546903,0.0,0.0,False
Edge-Loc,lot5496,1,0,0,0.9897600352881554,0.0,0.0,False
Edge-Loc,lot5516,1,0,0,0.9823170163695708,0.0,0.0,False
Edge-Loc,lot5767,1,0,0,0.9857838388036388,0.0,0.0,False
Edge-Loc,lot5904,1,0,1,0.973329065545709,0.0,1.0,False
Edge-Loc,lot5941,1,0,0,0.9793047597854645,0.0,0.0,False
Edge-Loc,lot6155,1,0,0,0.9955371077366948,0.0,0.0,False
Edge-Loc,lot6221,1,0,0,0.9923239122303795,0.0,0.0,False
Edge-Loc,lot7239,1,0,1,0.5340078404242331,0.0,1.0,False
Edge-Loc,lot7274,1,0,1,0.9734166957034383,0.0,1.0,False
Edge-Loc,lot7848,1,0,0,0.997159425773711,0.0,0.0,False
Edge-Loc,lot82,1,0,1,0.7952803617966301,0.0,1.0,False
Edge-Loc,lot83,1,0,1,0.6524507495637749,0.0,1.0,False
Edge-Loc,lot8313,1,0,0,0.9973428828184495,0.0,0.0,False
Edge-Loc,lot8762,1,0,0,0.9863243509964534,0.0,0.0,False
Edge-Loc,lot9090,1,0,1,0.5932235129399108,0.0,1.0,False
Edge-Loc,lot9214,1,0,0,0.9800840975400473,0.0,0.0,False
Edge-Loc,lot93,1,0,1,0.5023779730486262,0.0,1.0,False
Edge-Loc,lot9301,1,0,1,0.9722943263921683,0.0,1.0,False
Edge-Loc,lot9305,1,0,1,0.9671819266106152,0.0,1.0,False
Edge-Loc,lot9367,1,0,0,0.9929892980054966,0.0,0.0,False
Edge-Loc,lot9969,1,0,0,0.9918060990423493,0.0,0.0,False
Loc,lot42746,3,3,3,0.9067596455109337,1.0,1.0,False
Loc,lot15902,2,2,2,0.8013632079147176,1.0,1.0,False
Loc,lot43932,2,2,2,0.7787357540961775,1.0,1.0,False
Loc,lot45633,2,2,2,0.8497615779236389,1.0,1.0,False
Loc,lot11206,1,1,1,0.5247502457780301,1.0,1.0,False
Loc,lot17106,1,1,0,0.9837886360266127,1.0,0.0,False
Loc,lot18274,1,1,1,0.6454990415669442,1.0,1.0,False
Loc,lot18560,1,1,1,0.3668277073485336,1.0,1.0,False
Loc,lot18638,1,1,1,0.6633333192079419,1.0,1.0,False
Loc,lot18851,1,1,1,0.668888121461627,1.0,1.0,False
Loc,lot19387,1,1,1,0.66427421743745,1.0,1.0,False
Loc,lot19487,1,1,1,0.503580600871274,1.0,1.0,False
Loc,lot22535,1,1,1,0.7361257364666581,1.0,1.0,False
Loc,lot23311,1,1,1,0.6988398216241202,1.0,1.0,False
Loc,lot24227,1,1,1,0.8558120365436566,1.0,1.0,False
Loc,lot33240,1,1,1,0.5157924506984152,1.0,1.0,False
Loc,lot38468,1,1,1,0.5356054581357914,1.0,1.0,False
Loc,lot38604,1,1,1,0.5485158864297339,1.0,1.0,False
Loc,lot40331,1,1,1,0.9596461930326152,1.0,1.0,False
Loc,lot40413,1,1,0,0.9879208775908755,1.0,0.0,False
Loc,lot40467,1,1,1,0.8967215767440067,1.0,1.0,False
Loc,lot40468,1,1,1,0.544173138630263,1.0,1.0,False
Loc,lot40471,1,1,1,0.8722746828745991,1.0,1.0,False
Loc,lot40572,1,1,1,0.6509217624066841,1.0,1.0,False
Loc,lot40732,1,1,1,0.6954705045477875,1.0,1.0,False
Loc,lot40781,1,1,1,0.7388655319430671,1.0,1.0,False
Loc,lot40891,1,1,1,0.6334413660490229,1.0,1.0,False
Loc,lot40917,1,1,1,0.7298641598172916,1.0,1.0,False
Loc,lot41110,1,1,1,0.760086909323471,1.0,1.0,False
Loc,lot41967,1,1,1,0.8090513727809917,1.0,1.0,False
Loc,lot42152,1,1,1,0.8823643374655673,1.0,1.0,False
Loc,lot42496,1,1,1,0.9611063694492685,1.0,1.0,False
Loc,lot42632,1,1,1,0.7753078276601455,1.0,1.0,False
Loc,lot42633,1,1,1,0.8578653552910759,1.0,1.0,False
Loc,lot42707,1,1,0,0.9839269788183169,1.0,0.0,False
Loc,lot42769,1,1,1,0.9580873581558581,1.0,1.0,False
Loc,lot42788,1,1,0,0.9947060511433474,1.0,0.0,False
Loc,lot42812,1,1,1,0.8604735585463466,1.0,1.0,False
Loc,lot43378,1,1,1,0.6572039069272368,1.0,1.0,False
Loc,lot43489,1,1,0,0.9934036803530927,1.0,0.0,False
Loc,lot43493,1,1,1,0.9358202261882048,1.0,1.0,False
Loc,lot43653,1,1,1,0.608385453332523,1.0,1.0,False
Loc,lot43686,1,1,1,0.9520499312662088,1.0,1.0,False
Loc,lot43703,1,1,1,0.475580319921425,1.0,1.0,False
Loc,lot43811,1,1,1,0.8403372386317135,1.0,1.0,False
Loc,lot43943,1,1,1,0.5981558915477181,1.0,1.0,False
Loc,lot44077,1,1,1,0.5413098818542975,1.0,1.0,False
Loc,lot44134,1,1,1,0.4401902849439546,1.0,1.0,False
Loc,lot44294,1,1,1,0.599316237687091,1.0,1.0,False
Loc,lot44340,1,1,1,0.4000676792722783,1.0,1.0,False
Loc,lot44341,1,1,1,0.5596826686995939,1.0,1.0,False
Loc,lot44376,1,1,1,0.9534785755783531,1.0,1.0,False
Loc,lot45425,1,1,1,0.8881587231377333,1.0,1.0,False
Loc,lot45561,1,1,1,0.9333472204467743,1.0,1.0,False
Loc,lot45585,1,1,1,0.556877137516788,1.0,1.0,False
Loc,lot45776,1,1,1,0.9732813376986331,1.0,1.0,False
Loc,lot46008,1,1,1,0.6981340215525588,1.0,1.0,False
Loc,lot46107,1,1,1,0.9053697818190282,1.0,1.0,False
Loc,lot46170,1,1,1,0.6485407246581727,1.0,1.0,False
Loc,lot46308,1,1,1,0.7852448613716961,1.0,1.0,False
Loc,lot46371,1,1,1,0.6423532148008108,1.0,1.0,False
Loc,lot46624,1,1,1,0.629354441952133,1.0,1.0,False
Loc,lot46759,1,1,1,0.9172807756235212,1.0,1.0,False
Loc,lot46836,1,1,1,0.5846019815940638,1.0,1.0,False
Loc,lot46965,1,1,0,0.981140632895177,1.0,0.0,False
Loc,lot47005,1,1,0,0.9824646672305203,1.0,0.0,False
Loc,lot47074,1,1,1,0.6113646449979155,1.0,1.0,False
Loc,lot47273,1,1,1,0.49381153597859057,1.0,1.0,False
Loc,lot47339,1,1,1,0.795233224545928,1.0,1.0,False
Loc,lot47351,1,1,1,0.7747091013253566,1.0,1.0,False
Loc,lot5049,1,1,1,0.5600821432515758,1.0,1.0,False
Loc,lot45379,3,2,2,0.8148965164154123,0.6666666666666666,0.6666666666666666,False
Loc,lot47537,3,2,3,0.6493623189833652,0.6666666666666666,1.0,False
Loc,lot24630,5,3,5,0.6700754657502084,0.6,1.0,True
Loc,lot43681,5,3,4,0.7944420430816744,0.6,0.8,True
Loc,lot106,2,1,1,0.8443859209264215,0.5,0.5,False
Loc,lot15678,2,1,2,0.7769018812474388,0.5,1.0,False
Loc,lot40363,2,1,2,0.7098672009901292,0.5,1.0,False
Loc,lot40518,2,1,1,0.8695568725071976,0.5,0.5,False
Loc,lot40809,2,1,1,0.6879701148191959,0.5,0.5,False
Loc,lot42226,2,1,1,0.9309056096441635,0.5,0.5,False
Loc,lot42427,2,1,2,0.785978929759457,0.5,1.0,False
Loc,lot42631,2,1,2,0.9136080403643867,0.5,1.0,False
Loc,lot42821,2,1,2,0.8271136339334111,0.5,1.0,False
Loc,lot43704,2,1,2,0.8933181854725069,0.5,1.0,False
Loc,lot44124,2,1,2,0.7696446745970539,0.5,1.0,False
Loc,lot45707,2,1,1,0.9649870294623132,0.5,0.5,False
Loc,lot45922,2,1,2,0.8033340688849033,0.5,1.0,False
Loc,lot47115,2,1,1,0.8139612941758603,0.5,0.5,False
Loc,lot47283,2,1,2,0.5097637047966703,0.5,1.0,False
Loc,lot17149,5,2,4,0.8189499728368228,0.4,0.8,True
Loc,lot17782,8,3,5,0.8370730130296649,0.375,0.625,True
Loc,lot42370,6,2,4,0.7899932457829731,0.3333333333333333,0.6666666666666666,True
Loc,lot40731,3,1,3,0.7212875859176715,0.3333333333333333,1.0,False
Loc,lot42174,3,1,3,0.9505929957191447,0.3333333333333333,1.0,False
Loc,lot42230,3,1,3,0.7038486523036415,0.3333333333333333,1.0,False
Loc,lot5504,3,1,2,0.8428961362045616,0.3333333333333333,0.6666666666666666,False
Loc,lot45316,4,1,2,0.873050237293556,0.25,0.5,False
Loc,lot41964,5,1,1,0.8888320811413021,0.2,0.2,True
Loc,lot1388,9,1,1,0.9530588344059174,0.1111111111111111,0.1111111111111111,True
Loc,lot45640,10,1,5,0.9287462305622392,0.1,0.5,True
Loc,lot6331,20,0,0,0.9999213878445214,0.0,0.0,True
Loc,lot6227,6,0,2,0.935834714583644,0.0,0.3333333333333333,True
Loc,lot38590,5,0,2,0.9452400429733926,0.0,0.4,True
Loc,lot15284,4,0,1,0.9862106942009192,0.0,0.25,False
Loc,lot15362,4,0,3,0.9319465604561968,0.0,0.75,False
Loc,lot24339,4,0,0,0.9988929621026716,0.0,0.0,False
Loc,lot38286,4,0,0,0.9898134233762634,0.0,0.0,False
Loc,lot7239,4,0,1,0.9812240354345576,0.0,0.25,False
Loc,lot14802,3,0,2,0.7487677822797179,0.0,0.6666666666666666,False
Loc,lot23839,3,0,3,0.8512613245594255,0.0,1.0,False
Loc,lot24209,3,0,2,0.86545517173641,0.0,0.6666666666666666,False
Loc,lot42329,3,0,1,0.9150134717644128,0.0,0.3333333333333333,False
Loc,lot42347,3,0,0,0.9937880926357633,0.0,0.0,False
Loc,lot44028,3,0,2,0.9411704355513071,0.0,0.6666666666666666,False
Loc,lot6344,3,0,1,0.9877088002998925,0.0,0.3333333333333333,False
Loc,lot11378,2,0,0,0.9982863133607878,0.0,0.0,False
Loc,lot15336,2,0,2,0.8765067305257893,0.0,1.0,False
Loc,lot15350,2,0,0,0.9993676565511338,0.0,0.0,False
Loc,lot15633,2,0,0,0.9986291478440816,0.0,0.0,False
Loc,lot16359,2,0,0,0.9986844541735099,0.0,0.0,False
Loc,lot17111,2,0,2,0.9694852635985506,0.0,1.0,False
Loc,lot20838,2,0,1,0.9496595411836661,0.0,0.5,False
Loc,lot22389,2,0,0,0.9965737912328866,0.0,0.0,False
Loc,lot23112,2,0,0,0.9968747723886895,0.0,0.0,False
Loc,lot23854,2,0,0,0.999784218306287,0.0,0.0,False
Loc,lot35227,2,0,2,0.9508962949507052,0.0,1.0,False
Loc,lot40330,2,0,1,0.9742617683351025,0.0,0.5,False
Loc,lot40502,2,0,1,0.8622383746482715,0.0,0.5,False
Loc,lot40564,2,0,0,0.9985340118528204,0.0,0.0,False
Loc,lot40887,2,0,1,0.9421377303576743,0.0,0.5,False
Loc,lot42013,2,0,2,0.7639644852772538,0.0,1.0,False
Loc,lot42172,2,0,1,0.9830785796588413,0.0,0.5,False
Loc,lot42193,2,0,1,0.9390061021395455,0.0,0.5,False
Loc,lot42265,2,0,1,0.9389071812581531,0.0,0.5,False
Loc,lot42280,2,0,2,0.8332874820452967,0.0,1.0,False
Loc,lot42614,2,0,2,0.9169705417882186,0.0,1.0,False
Loc,lot42912,2,0,1,0.835628985755001,0.0,0.5,False
Loc,lot44287,2,0,1,0.8841090272315173,0.0,0.5,False
Loc,lot45161,2,0,0,0.9877229607777736,0.0,0.0,False
Loc,lot45498,2,0,0,0.9909341932652083,0.0,0.0,False
Loc,lot45541,2,0,2,0.6150211225556129,0.0,1.0,False
Loc,lot45791,2,0,0,0.9894973144352159,0.0,0.0,False
Loc,lot45796,2,0,1,0.8790423167316544,0.0,0.5,False
Loc,lot46097,2,0,1,0.8262226955956143,0.0,0.5,False
Loc,lot46669,2,0,1,0.9653664769127951,0.0,0.5,False
Loc,lot47141,2,0,2,0.9300314231458098,0.0,1.0,False
Loc,lot5068,2,0,1,0.9608399680561415,0.0,0.5,False
Loc,lot7311,2,0,0,0.9893221856527747,0.0,0.0,False
Loc,lot10855,1,0,0,0.9999574298357649,0.0,0.0,False
Loc,lot10999,1,0,1,0.9734359507582212,0.0,1.0,False
Loc,lot11003,1,0,0,0.9994675061059571,0.0,0.0,False
Loc,lot11215,1,0,0,0.9853165520382617,0.0,0.0,False
Loc,lot11553,1,0,1,0.8352278111676724,0.0,1.0,False
Loc,lot118,1,0,0,0.9982180126586058,0.0,0.0,False
Loc,lot11959,1,0,0,0.9770162034857981,0.0,0.0,False
Loc,lot12177,1,0,1,0.9733173866139001,0.0,1.0,False
Loc,lot13679,1,0,0,0.9989829166140807,0.0,0.0,False
Loc,lot15337,1,0,0,0.9901353843569378,0.0,0.0,False
Loc,lot15646,1,0,0,0.9972484928153299,0.0,0.0,False
Loc,lot16187,1,0,1,0.4651911312926056,0.0,1.0,False
Loc,lot16542,1,0,0,0.9995756293813322,0.0,0.0,False
Loc,lot17348,1,0,0,0.993796499720412,0.0,0.0,False
Loc,lot17393,1,0,0,0.9928631707779962,0.0,0.0,False
Loc,lot17448,1,0,1,0.9389313291599587,0.0,1.0,False
Loc,lot17808,1,0,1,0.9423307278713142,0.0,1.0,False
Loc,lot17889,1,0,0,0.9964496185241635,0.0,0.0,False
Loc,lot18078,1,0,1,0.5791272504896502,0.0,1.0,False
Loc,lot18262,1,0,1,0.9184792482714106,0.0,1.0,False
Loc,lot18359,1,0,1,0.9462681980009772,0.0,1.0,False
Loc,lot18790,1,0,1,0.7940269626933306,0.0,1.0,False
Loc,lot18822,1,0,1,0.9682478967570073,0.0,1.0,False
Loc,lot19231,1,0,0,0.9943476475300519,0.0,0.0,False
Loc,lot19289,1,0,1,0.961408611798118,0.0,1.0,False
Loc,lot19361,1,0,1,0.9037956861388379,0.0,1.0,False
Loc,lot19397,1,0,0,0.9972037477767147,0.0,0.0,False
Loc,lot19405,1,0,0,0.9975384621169535,0.0,0.0,False
Loc,lot19518,1,0,1,0.5761172315479633,0.0,1.0,False
Loc,lot19997,1,0,0,0.998465562283767,0.0,0.0,False
Loc,lot2049,1,0,0,0.999880609792721,0.0,0.0,False
Loc,lot20609,1,0,1,0.9577052861276015,0.0,1.0,False
Loc,lot20613,1,0,1,0.9716673515132939,0.0,1.0,False
Loc,lot20793,1,0,0,0.9858763726000956,0.0,0.0,False
Loc,lot214,1,0,0,0.9996271907636324,0.0,0.0,False
Loc,lot21690,1,0,1,0.8947172944943523,0.0,1.0,False
Loc,lot21960,1,0,0,0.9995259348626345,0.0,0.0,False
Loc,lot22246,1,0,1,0.8321812462341242,0.0,1.0,False
Loc,lot22264,1,0,0,0.9962297868507914,0.0,0.0,False
Loc,lot22759,1,0,1,0.924487679128895,0.0,1.0,False
Loc,lot23450,1,0,1,0.9438379538576124,0.0,1.0,False
Loc,lot23596,1,0,1,0.9125911392284098,0.0,1.0,False
Loc,lot23597,1,0,1,0.9494397801101667,0.0,1.0,False
Loc,lot23657,1,0,1,0.9546666471489518,0.0,1.0,False
Loc,lot24068,1,0,1,0.791264386131454,0.0,1.0,False
Loc,lot24074,1,0,0,0.987632647611478,0.0,0.0,False
Loc,lot24205,1,0,1,0.7866458624397192,0.0,1.0,False
Loc,lot24597,1,0,1,0.9078970208450061,0.0,1.0,False
Loc,lot25460,1,0,0,0.9895722680890863,0.0,0.0,False
Loc,lot257,1,0,0,0.9907947703501762,0.0,0.0,False
Loc,lot259,1,0,0,0.994690650696286,0.0,0.0,False
Loc,lot26067,1,0,0,0.996450639363355,0.0,0.0,False
Loc,lot26467,1,0,0,0.9977297938656707,0.0,0.0,False
Loc,lot36111,1,0,0,0.9879341335055644,0.0,0.0,False
Loc,lot3636,1,0,0,0.9991166174662117,0.0,0.0,False
Loc,lot37262,1,0,1,0.809417964103571,0.0,1.0,False
Loc,lot37901,1,0,1,0.9481516596125694,0.0,1.0,False
Loc,lot38247,1,0,0,0.9860802921091907,0.0,0.0,False
Loc,lot38429,1,0,1,0.5959572465817314,0.0,1.0,False
Loc,lot38630,1,0,1,0.5724054018759791,0.0,1.0,False
Loc,lot38711,1,0,1,0.9337867386659924,0.0,1.0,False
Loc,lot38782,1,0,0,0.9761425871259494,0.0,0.0,False
Loc,lot38816,1,0,0,0.9971491830016183,0.0,0.0,False
Loc,lot39212,1,0,0,0.9757639756144004,0.0,0.0,False
Loc,lot40388,1,0,0,0.990183384784195,0.0,0.0,False
Loc,lot40402,1,0,1,0.8179607499233996,0.0,1.0,False
Loc,lot40433,1,0,0,0.9934937314863242,0.0,0.0,False
Loc,lot40486,1,0,1,0.49735198121580015,0.0,1.0,False
Loc,lot40508,1,0,1,0.8672934261498308,0.0,1.0,False
Loc,lot40529,1,0,0,0.9991902021447029,0.0,0.0,False
Loc,lot40595,1,0,1,0.663548166075633,0.0,1.0,False
Loc,lot40618,1,0,0,0.9844187313308518,0.0,0.0,False
Loc,lot40709,1,0,0,0.9955509949262932,0.0,0.0,False
Loc,lot40723,1,0,1,0.650617621649281,0.0,1.0,False
Loc,lot40785,1,0,1,0.8624250006358808,0.0,1.0,False
Loc,lot40835,1,0,0,0.9991185183844751,0.0,0.0,False
Loc,lot40837,1,0,1,0.7135517379456,0.0,1.0,False
Loc,lot40900,1,0,1,0.8780025085100519,0.0,1.0,False
Loc,lot40915,1,0,0,0.9999225538210821,0.0,0.0,False
Loc,lot40923,1,0,0,0.9848888277977282,0.0,0.0,False
Loc,lot40980,1,0,0,0.9924034305749176,0.0,0.0,False
Loc,lot41012,1,0,1,0.96011048647049,0.0,1.0,False
Loc,lot41045,1,0,1,0.8230109359926377,0.0,1.0,False
Loc,lot41063,1,0,0,0.9922091700455374,0.0,0.0,False
Loc,lot41079,1,0,1,0.7305673105106,0.0,1.0,False
Loc,lot41098,1,0,1,0.5902529510245683,0.0,1.0,False
Loc,lot41457,1,0,1,0.9442344774422089,0.0,1.0,False
Loc,lot41599,1,0,0,0.9768668129579995,0.0,0.0,False
Loc,lot41961,1,0,0,0.9902150313202702,0.0,0.0,False
Loc,lot42187,1,0,1,0.5463574018236614,0.0,1.0,False
Loc,lot42195,1,0,0,0.9936011101832393,0.0,0.0,False
Loc,lot42289,1,0,1,0.764868318272662,0.0,1.0,False
Loc,lot42326,1,0,1,0.5851257805299114,0.0,1.0,False
Loc,lot42335,1,0,1,0.5548805152481419,0.0,1.0,False
Loc,lot42352,1,0,1,0.5657856589107602,0.0,1.0,False
Loc,lot42356,1,0,1,0.5349443516710424,0.0,1.0,False
Loc,lot42424,1,0,1,0.8468594157725798,0.0,1.0,False
Loc,lot42484,1,0,0,0.9808990221628223,0.0,0.0,False
Loc,lot42601,1,0,0,0.9808155812328061,0.0,0.0,False
Loc,lot42613,1,0,0,0.9856468165934816,0.0,0.0,False
Loc,lot42641,1,0,0,0.9840430773957729,0.0,0.0,False
Loc,lot42702,1,0,0,0.9945510289054424,0.0,0.0,False
Loc,lot42709,1,0,1,0.9592923457764374,0.0,1.0,False
Loc,lot42777,1,0,1,0.6340268542020795,0.0,1.0,False
Loc,lot42783,1,0,0,0.9814842979920207,0.0,0.0,False
Loc,lot42808,1,0,0,0.9960065937422079,0.0,0.0,False
Loc,lot42832,1,0,1,0.49566548861581844,0.0,1.0,False
Loc,lot42862,1,0,1,0.9235022141384892,0.0,1.0,False
Loc,lot42984,1,0,0,0.998381990233361,0.0,0.0,False
Loc,lot43050,1,0,0,0.9943852594887692,0.0,0.0,False
Loc,lot43213,1,0,0,0.9991134226215943,0.0,0.0,False
Loc,lot43386,1,0,1,0.9026425988882729,0.0,1.0,False
Loc,lot43503,1,0,1,0.5569469403740769,0.0,1.0,False
Loc,lot43554,1,0,1,0.774168642181905,0.0,1.0,False
Loc,lot43615,1,0,1,0.8935092429988375,0.0,1.0,False
Loc,lot43643,1,0,1,0.622126359789877,0.0,1.0,False
Loc,lot43655,1,0,1,0.6690803885008141,0.0,1.0,False
Loc,lot43663,1,0,1,0.6312769259606261,0.0,1.0,False
Loc,lot43721,1,0,0,0.9992017588350381,0.0,0.0,False
Loc,lot43757,1,0,1,0.9665947964281565,0.0,1.0,False
Loc,lot43814,1,0,1,0.9320940131172516,0.0,1.0,False
Loc,lot43861,1,0,1,0.7660535961519743,0.0,1.0,False
Loc,lot43907,1,0,1,0.6865521721786546,0.0,1.0,False
Loc,lot43929,1,0,1,0.7346316039970545,0.0,1.0,False
Loc,lot43949,1,0,0,0.9963711261531909,0.0,0.0,False
Loc,lot43986,1,0,1,0.811078439668714,0.0,1.0,False
Loc,lot44000,1,0,0,0.9995307793501379,0.0,0.0,False
Loc,lot44008,1,0,1,0.7549504149102445,0.0,1.0,False
Loc,lot44009,1,0,1,0.8585236886791408,0.0,1.0,False
Loc,lot44054,1,0,1,0.7355584878746271,0.0,1.0,False
Loc,lot44098,1,0,1,0.8041474038711274,0.0,1.0,False
Loc,lot44099,1,0,0,0.9811295684744309,0.0,0.0,False
Loc,lot44160,1,0,0,0.9928709478616174,0.0,0.0,False
Loc,lot44248,1,0,1,0.9370160434728723,0.0,1.0,False
Loc,lot44268,1,0,0,0.9973934872065734,0.0,0.0,False
Loc,lot44297,1,0,1,0.4331654335528454,0.0,1.0,False
Loc,lot44415,1,0,0,0.9980578543003672,0.0,0.0,False
Loc,lot44537,1,0,0,0.9773416738810133,0.0,0.0,False
Loc,lot44597,1,0,1,0.9704716813035763,0.0,1.0,False
Loc,lot44654,1,0,1,0.7596293061382257,0.0,1.0,False
Loc,lot44895,1,0,0,0.9983532228063784,0.0,0.0,False
Loc,lot44940,1,0,1,0.9625644493195508,0.0,1.0,False
Loc,lot44986,1,0,1,0.9740840500588026,0.0,1.0,False
Loc,lot45210,1,0,1,0.9230676935342096,0.0,1.0,False
Loc,lot45276,1,0,1,0.9362946943417249,0.0,1.0,False
Loc,lot45324,1,0,0,0.9947067538434552,0.0,0.0,False
Loc,lot45377,1,0,1,0.9602903388619156,0.0,1.0,False
Loc,lot45393,1,0,0,0.9976401075083767,0.0,0.0,False
Loc,lot45423,1,0,1,0.8375883277524941,0.0,1.0,False
Loc,lot45424,1,0,0,0.9985400036401054,0.0,0.0,False
Loc,lot45548,1,0,1,0.6481871865522423,0.0,1.0,False
Loc,lot45588,1,0,0,0.9891798914819319,0.0,0.0,False
Loc,lot45634,1,0,1,0.7889747642730873,0.0,1.0,False
Loc,lot45743,1,0,0,0.9796640248060452,0.0,0.0,False
Loc,lot45768,1,0,1,0.9202041475657645,0.0,1.0,False
Loc,lot45815,1,0,1,0.8087180693997533,0.0,1.0,False
Loc,lot45877,1,0,0,0.9858945122441123,0.0,0.0,False
Loc,lot45886,1,0,0,0.9751693831367131,0.0,0.0,False
Loc,lot46075,1,0,1,0.9000154093078859,0.0,1.0,False
Loc,lot4612,1,0,0,0.9970764493122642,0.0,0.0,False
Loc,lot46205,1,0,1,0.815784953376662,0.0,1.0,False
Loc,lot46340,1,0,1,0.7577914436222005,0.0,1.0,False
Loc,lot46394,1,0,1,0.8275806817069783,0.0,1.0,False
Loc,lot46529,1,0,1,0.9572962162311447,0.0,1.0,False
Loc,lot46598,1,0,0,0.9996434101002184,0.0,0.0,False
Loc,lot46742,1,0,0,0.9908838969003673,0.0,0.0,False
Loc,lot46766,1,0,0,0.9983111099992972,0.0,0.0,False
Loc,lot46778,1,0,1,0.8090673426775304,0.0,1.0,False
Loc,lot47053,1,0,0,0.9998182311890065,0.0,0.0,False
Loc,lot47202,1,0,0,0.9990189954099329,0.0,0.0,False
Loc,lot47241,1,0,1,0.9297224853794935,0.0,1.0,False
Loc,lot47318,1,0,0,0.9869691874385451,0.0,0.0,False
Loc,lot47320,1,0,1,0.5312664506825973,0.0,1.0,False
Loc,lot47349,1,0,0,0.9988356684207607,0.0,0.0,False
Loc,lot47410,1,0,1,0.9205048311876465,0.0,1.0,False
Loc,lot47436,1,0,1,0.7504828296574375,0.0,1.0,False
Loc,lot47441,1,0,0,0.9989572267640258,0.0,0.0,False
Loc,lot47454,1,0,1,0.9678728542640346,0.0,1.0,False
Loc,lot47458,1,0,0,0.9967398437436101,0.0,0.0,False
Loc,lot47490,1,0,1,0.5163569047035812,0.0,1.0,False
Loc,lot5069,1,0,0,0.9998483129779436,0.0,0.0,False
Loc,lot5315,1,0,0,0.9939864821373587,0.0,0.0,False
Loc,lot5381,1,0,0,0.9998031076396348,0.0,0.0,False
Loc,lot5529,1,0,0,0.999907927880683,0.0,0.0,False
Loc,lot5668,1,0,0,0.9993307968617497,0.0,0.0,False
Loc,lot5882,1,0,1,0.8651576484636953,0.0,1.0,False
Loc,lot7363,1,0,0,0.9932341988951905,0.0,0.0,False
Loc,lot7654,1,0,0,0.9992195760551722,0.0,0.0,False
Loc,lot8799,1,0,1,0.7862232279724872,0.0,1.0,False
Loc,lot8886,1,0,0,0.999372830766215,0.0,0.0,False
Loc,lot9086,1,0,0,0.9994377973021645,0.0,0.0,False
Loc,lot9229,1,0,0,0.9978871282404471,0.0,0.0,False
Loc,lot9330,1,0,1,0.9291473657078853,0.0,1.0,False
Loc,lot9662,1,0,0,0.9972732813430034,0.0,0.0,False
Scratch,lot47539,3,3,3,0.6481343751834422,1.0,1.0,False
Scratch,lot135,1,1,1,0.966334836211724,1.0,1.0,False
Scratch,lot13526,1,1,1,0.8743305637269663,1.0,1.0,False
Scratch,lot15208,1,1,0,0.9851243584169194,1.0,0.0,False
Scratch,lot40387,1,1,1,0.6871120468662444,1.0,1.0,False
Scratch,lot40434,1,1,0,0.9861276782557543,1.0,0.0,False
Scratch,lot40449,1,1,1,0.9180597530268266,1.0,1.0,False
Scratch,lot40508,1,1,1,0.9326537168393012,1.0,1.0,False
Scratch,lot40636,1,1,1,0.6137773552857483,1.0,1.0,False
Scratch,lot40710,1,1,1,0.571869173527435,1.0,1.0,False
Scratch,lot41178,1,1,1,0.8046486626013184,1.0,1.0,False
Scratch,lot42178,1,1,1,0.9258274998167629,1.0,1.0,False
Scratch,lot42275,1,1,1,0.9464316428683001,1.0,1.0,False
Scratch,lot42289,1,1,1,0.9137134155298923,1.0,1.0,False
Scratch,lot42335,1,1,1,0.6865309672798866,1.0,1.0,False
Scratch,lot42702,1,1,1,0.8902644430377603,1.0,1.0,False
Scratch,lot42830,1,1,1,0.526614733965261,1.0,1.0,False
Scratch,lot42832,1,1,1,0.9592791297931806,1.0,1.0,False
Scratch,lot43554,1,1,1,0.936911106034215,1.0,1.0,False
Scratch,lot43846,1,1,1,0.7512029105859621,1.0,1.0,False
Scratch,lot43851,1,1,1,0.7178566306999606,1.0,1.0,False
Scratch,lot43932,1,1,1,0.7423283364120432,1.0,1.0,False
Scratch,lot43975,1,1,1,0.9215370644230986,1.0,1.0,False
Scratch,lot44054,1,1,0,0.9834468649963448,1.0,0.0,False
Scratch,lot44077,1,1,1,0.8519253249257435,1.0,1.0,False
Scratch,lot44100,1,1,1,0.6656965519365189,1.0,1.0,False
Scratch,lot44307,1,1,1,0.49082277741078484,1.0,1.0,False
Scratch,lot44825,1,1,1,0.4626456995187744,1.0,1.0,False
Scratch,lot45423,1,1,0,0.992395102223245,1.0,0.0,False
Scratch,lot45856,1,1,1,0.6011295456546917,1.0,1.0,False
Scratch,lot46122,1,1,1,0.9701481562575228,1.0,1.0,False
Scratch,lot46205,1,1,1,0.6529431133795822,1.0,1.0,False
Scratch,lot46669,1,1,1,0.9726466648139616,1.0,1.0,False
Scratch,lot46780,1,1,1,0.4870003935906152,1.0,1.0,False
Scratch,lot46972,1,1,1,0.6720540871081344,1.0,1.0,False
Scratch,lot47064,1,1,1,0.7327035780044442,1.0,1.0,False
Scratch,lot47363,1,1,0,0.9904778672182566,1.0,0.0,False
Scratch,lot42249,2,1,1,0.9278501544137004,0.5,0.5,False
Scratch,lot42352,2,1,2,0.7184059170204359,0.5,1.0,False
Scratch,lot44134,2,1,2,0.937145188031443,0.5,1.0,False
Scratch,lot45960,2,1,2,0.769986877620801,0.5,1.0,False
Scratch,lot46607,2,1,2,0.8381753418829703,0.5,1.0,False
Scratch,lot47490,2,1,2,0.6499396917853688,0.5,1.0,False
Scratch,lot16703,9,3,5,0.8222011356060402,0.3333333333333333,0.5555555555555556,True
Scratch,lot18500,2,0,1,0.9609368548150637,0.0,0.5,False
Scratch,lot22757,2,0,0,0.9986852924086413,0.0,0.0,False
Scratch,lot41012,2,0,1,0.7592799290882347,0.0,0.5,False
Scratch,lot44552,2,0,1,0.9144542564933236,0.0,0.5,False
Scratch,lot10225,1,0,0,0.994050327921338,0.0,0.0,False
Scratch,lot10661,1,0,0,0.9994801805727873,0.0,0.0,False
Scratch,lot11293,1,0,0,0.9989310951313162,0.0,0.0,False
Scratch,lot11405,1,0,0,0.9994314130741134,0.0,0.0,False
Scratch,lot11420,1,0,0,0.9990453213587526,0.0,0.0,False
Scratch,lot11824,1,0,0,0.999440295880264,0.0,0.0,False
Scratch,lot13899,1,0,0,0.9995842075329263,0.0,0.0,False
Scratch,lot14176,1,0,0,0.9991356818148993,0.0,0.0,False
Scratch,lot15152,1,0,0,0.999931807672321,0.0,0.0,False
Scratch,lot15678,1,0,0,0.9999821092979512,0.0,0.0,False
Scratch,lot1625,1,0,1,0.8926033940987937,0.0,1.0,False
Scratch,lot16514,1,0,1,0.8332503938234738,0.0,1.0,False
Scratch,lot16687,1,0,1,0.7323999612293064,0.0,1.0,False
Scratch,lot17431,1,0,0,0.9924155245300217,0.0,0.0,False
Scratch,lot17910,1,0,0,0.9992967924487954,0.0,0.0,False
Scratch,lot17976,1,0,1,0.8845027633361663,0.0,1.0,False
Scratch,lot17995,1,0,0,0.9968127271915046,0.0,0.0,False
Scratch,lot18114,1,0,0,0.9962685466964812,0.0,0.0,False
Scratch,lot18512,1,0,0,0.999931029117415,0.0,0.0,False
Scratch,lot19336,1,0,0,0.9918582910814087,0.0,0.0,False
Scratch,lot19457,1,0,0,0.9914637851774731,0.0,0.0,False
Scratch,lot1959,1,0,0,0.9872802138929259,0.0,0.0,False
Scratch,lot19643,1,0,0,0.9888299124658955,0.0,0.0,False
Scratch,lot19936,1,0,0,0.9874443422653326,0.0,0.0,False
Scratch,lot19956,1,0,0,0.9997789082542874,0.0,0.0,False
Scratch,lot19957,1,0,0,0.9994601978189251,0.0,0.0,False
Scratch,lot19977,1,0,0,0.9989056921990409,0.0,0.0,False
Scratch,lot20485,1,0,0,0.9999310105793233,0.0,0.0,False
Scratch,lot20490,1,0,0,0.9879785277775469,0.0,0.0,False
Scratch,lot20935,1,0,0,0.9990043060669063,0.0,0.0,False
Scratch,lot210,1,0,1,0.972785881015573,0.0,1.0,False
Scratch,lot21426,1,0,0,0.9969268502271685,0.0,0.0,False
Scratch,lot21858,1,0,0,0.977821671491521,0.0,0.0,False
Scratch,lot2233,1,0,1,0.6387722987644933,0.0,1.0,False
Scratch,lot22933,1,0,0,0.9986760889698806,0.0,0.0,False
Scratch,lot25278,1,0,0,0.9991251326626801,0.0,0.0,False
Scratch,lot25903,1,0,0,0.9789453080349169,0.0,0.0,False
Scratch,lot29454,1,0,1,0.8984761551816649,0.0,1.0,False
Scratch,lot30,1,0,1,0.8730250877017806,0.0,1.0,False
Scratch,lot33465,1,0,0,0.9932811771888734,0.0,0.0,False
Scratch,lot3399,1,0,1,0.5586962599762292,0.0,1.0,False
Scratch,lot35243,1,0,0,0.9997953843461428,0.0,0.0,False
Scratch,lot38890,1,0,0,0.9994411346766533,0.0,0.0,False
Scratch,lot4050,1,0,0,0.9998761587582589,0.0,0.0,False
Scratch,lot40578,1,0,1,0.7343180959993691,0.0,1.0,False
Scratch,lot40831,1,0,1,0.9244765696816193,0.0,1.0,False
Scratch,lot41003,1,0,1,0.9584782729181879,0.0,1.0,False
Scratch,lot41022,1,0,0,0.9847475284899768,0.0,0.0,False
Scratch,lot42425,1,0,0,0.9957139412602793,0.0,0.0,False
Scratch,lot42437,1,0,0,0.9996885037115288,0.0,0.0,False
Scratch,lot42491,1,0,0,0.9991729223246537,0.0,0.0,False
Scratch,lot42568,1,0,0,0.9928575483243189,0.0,0.0,False
Scratch,lot42586,1,0,0,0.9912339847593734,0.0,0.0,False
Scratch,lot42614,1,0,1,0.684998658823571,0.0,1.0,False
Scratch,lot42755,1,0,1,0.94684155435603,0.0,1.0,False
Scratch,lot42792,1,0,1,0.7983895908531454,0.0,1.0,False
Scratch,lot43703,1,0,1,0.5920658796983608,0.0,1.0,False
Scratch,lot43710,1,0,1,0.8923050045617121,0.0,1.0,False
Scratch,lot43759,1,0,1,0.785247252699256,0.0,1.0,False
Scratch,lot43836,1,0,1,0.9514630852239712,0.0,1.0,False
Scratch,lot44008,1,0,0,0.996772904014883,0.0,0.0,False
Scratch,lot44028,1,0,0,0.9998138022609256,0.0,0.0,False
Scratch,lot44160,1,0,0,0.9994706587099138,0.0,0.0,False
Scratch,lot44216,1,0,0,0.9974736893891956,0.0,0.0,False
Scratch,lot44229,1,0,1,0.9237622614472992,0.0,1.0,False
Scratch,lot44274,1,0,1,0.7590473566426571,0.0,1.0,False
Scratch,lot44369,1,0,1,0.9187224508767341,0.0,1.0,False
Scratch,lot44596,1,0,0,0.9904584280760349,0.0,0.0,False
Scratch,lot44633,1,0,0,0.9992567842453198,0.0,0.0,False
Scratch,lot45324,1,0,0,0.996664813413718,0.0,0.0,False
Scratch,lot45362,1,0,0,0.9996222614898504,0.0,0.0,False
Scratch,lot45382,1,0,1,0.9689215206832474,0.0,1.0,False
Scratch,lot45425,1,0,0,0.9992649975132928,0.0,0.0,False
Scratch,lot45464,1,0,1,0.5232694620568423,0.0,1.0,False
Scratch,lot45560,1,0,0,0.997241489463515,0.0,0.0,False
Scratch,lot45633,1,0,0,0.9886538514719277,0.0,0.0,False
Scratch,lot45670,1,0,0,0.9995784926629447,0.0,0.0,False
Scratch,lot45916,1,0,0,0.9957950308452403,0.0,0.0,False
Scratch,lot45976,1,0,1,0.83976778454677,0.0,1.0,False
Scratch,lot46376,1,0,1,0.5522595968520206,0.0,1.0,False
Scratch,lot46532,1,0,0,0.9820409482888892,0.0,0.0,False
Scratch,lot46597,1,0,1,0.8216864836181126,0.0,1.0,False
Scratch,lot46613,1,0,1,0.9618447355824871,0.0,1.0,False
Scratch,lot46663,1,0,1,0.8978165151435548,0.0,1.0,False
Scratch,lot46784,1,0,0,0.9984991766897956,0.0,0.0,False
Scratch,lot46853,1,0,0,0.9844946480157666,0.0,0.0,False
Scratch,lot47059,1,0,1,0.9328197232637369,0.0,1.0,False
Scratch,lot47088,1,0,0,0.9975704714889128,0.0,0.0,False
Scratch,lot47132,1,0,1,0.9616011257668817,0.0,1.0,False
Scratch,lot47157,1,0,0,0.9773586911547268,0.0,0.0,False
Scratch,lot47265,1,0,0,0.9994661700521998,0.0,0.0,False
Scratch,lot47288,1,0,1,0.46032604252095344,0.0,1.0,False
Scratch,lot47328,1,0,1,0.5636768429056507,0.0,1.0,False
Scratch,lot47407,1,0,0,0.9786659725461392,0.0,0.0,False
Scratch,lot47465,1,0,1,0.9607522999077918,0.0,1.0,False
Scratch,lot47524,1,0,1,0.7391225321445801,0.0,1.0,False
Scratch,lot64,1,0,1,0.9056653658192723,0.0,1.0,False
Scratch,lot6893,1,0,0,0.9969766784813812,0.0,0.0,False
Scratch,lot7306,1,0,0,0.9996941997130921,0.0,0.0,False
Scratch,lot8773,1,0,0,0.9830098964800679,0.0,0.0,False
Scratch,lot8889,1,0,0,0.9982248864158272,0.0,0.0,False
Scratch,lot9686,1,0,0,0.9993497500306937,0.0,0.0,False
