failure_type,geometry,support,error_count,review_count,mean_confidence,error_rate,review_rate,rate_reliable
Edge-Loc,34x34,3,3,3,0.5265838046143281,1.0,1.0,False
Edge-Loc,38x42,2,2,2,0.8511119913565719,1.0,1.0,False
Edge-Loc,54x71,2,2,2,0.6318423284809803,1.0,1.0,False
Edge-Loc,33x35,1,1,1,0.5929713106494658,1.0,1.0,False
Edge-Loc,35x38,1,1,1,0.4064553170319432,1.0,1.0,False
Edge-Loc,60x55,1,1,1,0.8417552483713491,1.0,1.0,False
Edge-Loc,66x72,1,1,1,0.8688747225980951,1.0,1.0,False
Edge-Loc,77x76,1,1,1,0.44428724668755093,1.0,1.0,False
Edge-Loc,41x42,6,5,6,0.797023169703456,0.8333333333333334,1.0,True
Edge-Loc,25x26,6,4,6,0.7750586028040688,0.6666666666666666,1.0,True
Edge-Loc,37x37,3,2,3,0.8125949705717902,0.6666666666666666,1.0,False
Edge-Loc,89x76,3,2,2,0.8494691621636107,0.6666666666666666,0.6666666666666666,False
Edge-Loc,33x37,8,5,6,0.9082187570798068,0.625,0.75,True
Edge-Loc,41x33,18,9,14,0.8234851963076263,0.5,0.7777777777777778,True
Edge-Loc,33x32,4,2,3,0.8005293946395329,0.5,0.75,False
Edge-Loc,22x50,2,1,1,0.8562142768192542,0.5,0.5,False
Edge-Loc,35x36,2,1,1,0.7749334631142774,0.5,0.5,False
Edge-Loc,41x45,2,1,1,0.9586918042991557,0.5,0.5,False
Edge-Loc,43x42,2,1,2,0.5003726351646871,0.5,1.0,False
Edge-Loc,47x32,2,1,1,0.9590842117967872,0.5,0.5,False
Edge-Loc,51x30,2,1,2,0.49533785849943746,0.5,1.0,False
Edge-Loc,26x30,17,8,14,0.8099644462554242,0.47058823529411764,0.8235294117647058,True
Edge-Loc,39x39,3,1,3,0.830432245297411,0.3333333333333333,1.0,False
Edge-Loc,39x37,71,22,56,0.8162365130622241,0.30985915492957744,0.7887323943661971,True
Edge-Loc,45x42,19,5,9,0.902748624163426,0.2631578947368421,0.47368421052631576,True
Edge-Loc,33x29,18,4,9,0.858942696701533,0.2222222222222222,0.5,True
Edge-Loc,26x26,54,11,32,0.8746859809085541,0.2037037037037037,0.5925925925925926,True
Edge-Loc,27x25,15,3,7,0.931520143117491,0.2,0.4666666666666667,True
Edge-Loc,29x26,26,5,19,0.8195530957264239,0.19230769230769232,0.7307692307692307,True
Edge-Loc,44x41,64,12,46,0.8278477499437944,0.1875,0.71875,True
Edge-Loc,30x34,59,10,30,0.8863421665782459,0.1694915254237288,0.5084745762711864,True
Edge-Loc,32x29,24,4,13,0.9019373567312768,0.16666666666666666,0.5416666666666666,True
Edge-Loc,25x27,35,5,17,0.9278997009603382,0.14285714285714285,0.4857142857142857,True
Edge-Loc,42x44,7,1,6,0.8670484274304727,0.14285714285714285,0.8571428571428571,True
Edge-Loc,35x31,27,3,16,0.8781266817086558,0.1111111111111111,0.5925925925925926,True
Edge-Loc,39x31,27,2,13,0.9020297402717915,0.07407407407407407,0.48148148148148145,True
Edge-Loc,51x59,19,1,3,0.9588021002838395,0.05263157894736842,0.15789473684210525,True
Edge-Loc,33x33,20,1,4,0.9798291055457046,0.05,0.2,True
Edge-Loc,56x41,24,1,13,0.9525679083101318,0.041666666666666664,0.5416666666666666,True
Edge-Loc,36x38,14,0,1,0.9978113514291069,0.0,0.07142857142857142,True
Edge-Loc,49x39,11,0,8,0.9441607033734356,0.0,0.7272727272727273,True
Edge-Loc,72x44,11,0,6,0.9245216509533659,0.0,0.5454545454545454,True
Edge-Loc,35x40,9,0,2,0.9398576580285327,0.0,0.2222222222222222,True
Edge-Loc,88x81,9,0,0,0.9953800425908743,0.0,0.0,True
Edge-Loc,52x51,7,0,0,0.9947707072801745,0.0,0.0,True
Edge-Loc,31x28,6,0,2,0.9779993997178128,0.0,0.3333333333333333,True
Edge-Loc,34x31,5,0,3,0.808745510667803,0.0,0.6,True
Edge-Loc,41x40,4,0,2,0.9094200607462608,0.0,0.5,False
Edge-Loc,52x59,4,0,3,0.731572957842891,0.0,0.75,False
Edge-Loc,58x46,4,0,3,0.859390099643957,0.0,0.75,False
Edge-Loc,81x73,4,0,4,0.7975650194851875,0.0,1.0,False
Edge-Loc,29x27,3,0,3,0.7302938985833584,0.0,1.0,False
Edge-Loc,33x24,3,0,1,0.83865512469829,0.0,0.3333333333333333,False
Edge-Loc,27x27,2,0,0,0.9941377131023037,0.0,0.0,False
Edge-Loc,30x31,2,0,1,0.9729485216511955,0.0,0.5,False
Edge-Loc,31x31,2,0,0,0.985278473529249,0.0,0.0,False
Edge-Loc,36x35,2,0,0,0.9921049676256075,0.0,0.0,False
Edge-Loc,44x44,2,0,0,0.9880709072834302,0.0,0.0,False
Edge-Loc,48x48,2,0,0,0.9995950215070284,0.0,0.0,False
Edge-Loc,53x49,2,0,0,0.9917124810777982,0.0,0.0,False
Edge-Loc,53x58,2,0,0,0.9998574655447283,0.0,0.0,False
Edge-Loc,26x28,1,0,1,0.5992955434955112,0.0,1.0,False
Edge-Loc,29x24,1,0,0,0.9999622342502424,0.0,0.0,False
Edge-Loc,30x30,1,0,0,0.9819574453292699,0.0,0.0,False
Edge-Loc,32x32,1,0,0,0.9918060990423493,0.0,0.0,False
Edge-Loc,34x35,1,0,0,0.9977301763720167,0.0,0.0,False
Edge-Loc,36x34,1,0,1,0.9294856047088466,0.0,1.0,False
Edge-Loc,37x31,1,0,0,0.9841224231440875,0.0,0.0,False
Edge-Loc,38x40,1,0,0,0.9991376874372272,0.0,0.0,False
Edge-Loc,38x45,1,0,0,0.9756976726615246,0.0,0.0,False
Edge-Loc,40x40,1,0,0,0.9873590698326287,0.0,0.0,False
Edge-Loc,40x43,1,0,0,0.9913870002311193,0.0,0.0,False
Edge-Loc,41x38,1,0,0,0.9977869215004042,0.0,0.0,False
Edge-Loc,41x41,1,0,0,0.9900472378513913,0.0,0.0,False
Edge-Loc,42x29,1,0,0,0.980950049173184,0.0,0.0,False
Edge-Loc,43x44,1,0,1,0.5598077687541553,0.0,1.0,False
Edge-Loc,44x40,1,0,0,0.9957078844264365,0.0,0.0,False
Edge-Loc,44x45,1,0,0,0.9934787635221939,0.0,0.0,False
Edge-Loc,46x45,1,0,1,0.9363944049289173,0.0,1.0,False
Edge-Loc,47x42,1,0,0,0.9823170163695708,0.0,0.0,False
Edge-Loc,50x43,1,0,1,0.791827629358622,0.0,1.0,False
Edge-Loc,50x50,1,0,0,0.996038864144298,0.0,0.0,False
Edge-Loc,55x66,1,0,0,0.9793057532797241,0.0,0.0,False
Edge-Loc,59x46,1,0,0,0.9804422624849731,0.0,0.0,False
Edge-Loc,59x50,1,0,1,0.9723515416547626,0.0,1.0,False
Edge-Loc,61x60,1,0,1,0.7750956792791853,0.0,1.0,False
Edge-Loc,63x66,1,0,0,0.9922962623085686,0.0,0.0,False
Edge-Loc,64x71,1,0,1,0.9006220906217136,0.0,1.0,False
Edge-Loc,64x72,1,0,1,0.5493152207250724,0.0,1.0,False
Edge-Loc,65x48,1,0,0,0.9993067408423277,0.0,0.0,False
Edge-Loc,74x76,1,0,1,0.7404430969064177,0.0,1.0,False
Loc,39x46,2,2,2,0.8013632079147176,1.0,1.0,False
Loc,44x43,1,1,1,0.629354441952133,1.0,1.0,False
Loc,88x56,1,1,1,0.6988398216241202,1.0,1.0,False
Loc,72x44,3,2,3,0.6062778626091941,0.6666666666666666,1.0,False
Loc,38x38,10,6,8,0.8719746478938072,0.6,0.8,True
Loc,52x51,5,3,5,0.6700754657502084,0.6,1.0,True
Loc,45x42,14,7,12,0.7654676945685642,0.5,0.8571428571428571,True
Loc,42x44,6,3,6,0.7462159799227535,0.5,1.0,True
Loc,26x30,4,2,4,0.6161109654134193,0.5,1.0,False
Loc,41x45,2,1,2,0.7990747154302223,0.5,1.0,False
Loc,55x66,2,1,2,0.7769018812474388,0.5,1.0,False
Loc,72x72,2,1,2,0.6528795182542462,0.5,1.0,False
Loc,29x26,17,7,8,0.8947940761459828,0.4117647058823529,0.47058823529411764,True
Loc,41x42,8,3,6,0.8771886284259784,0.375,0.75,True
Loc,81x81,8,3,5,0.8370730130296649,0.375,0.625,True
Loc,33x29,11,4,7,0.783976155283093,0.36363636363636365,0.6363636363636364,True
Loc,25x27,12,4,7,0.8332597574554109,0.3333333333333333,0.5833333333333334,True
Loc,32x32,6,2,4,0.8327513821880221,0.3333333333333333,0.6666666666666666,True
Loc,38x42,3,1,3,0.8062724250971648,0.3333333333333333,1.0,False
Loc,39x50,3,1,2,0.8526050576700857,0.3333333333333333,0.6666666666666666,False
Loc,41x38,3,1,1,0.9742736576149656,0.3333333333333333,0.3333333333333333,False
Loc,41x40,3,1,3,0.9130086827257072,0.3333333333333333,1.0,False
Loc,44x44,3,1,1,0.8868638716320351,0.3333333333333333,0.3333333333333333,False
Loc,30x34,31,10,23,0.7919321073455972,0.3225806451612903,0.7419354838709677,True
Loc,39x37,32,10,19,0.8798471067359314,0.3125,0.59375,True
Loc,41x33,13,4,9,0.7873007818155286,0.3076923076923077,0.6923076923076923,True
Loc,54x71,7,2,2,0.8919181156868247,0.2857142857142857,0.2857142857142857,True
Loc,26x26,39,11,21,0.8948343857497025,0.28205128205128205,0.5384615384615384,True
Loc,51x30,4,1,3,0.8736778109159862,0.25,0.75,False
Loc,89x76,4,1,2,0.8704025980854506,0.25,0.5,False
Loc,25x26,13,3,10,0.8323674562562409,0.23076923076923078,0.7692307692307693,True
Loc,34x34,14,3,8,0.9125600596811054,0.21428571428571427,0.5714285714285714,True
Loc,44x41,14,3,7,0.9226180667056568,0.21428571428571427,0.5,True
Loc,45x43,5,1,3,0.9048441450536148,0.2,0.6,True
Loc,52x59,7,1,2,0.9164955769358035,0.14285714285714285,0.2857142857142857,True
Loc,33x33,8,1,2,0.9349736147396728,0.125,0.25,True
Loc,35x31,36,4,20,0.841978514574078,0.1111111111111111,0.5555555555555556,True
Loc,32x29,21,2,10,0.8880814544461331,0.09523809523809523,0.47619047619047616,True
Loc,36x34,12,1,3,0.9019860713743676,0.08333333333333333,0.25,True
Loc,39x31,29,0,3,0.9853987050100679,0.0,0.10344827586206896,True
Loc,27x25,7,0,4,0.9671157188023162,0.0,0.5714285714285714,True
Loc,34x31,6,0,3,0.8642526476022797,0.0,0.5,True
Loc,35x40,6,0,4,0.879243077668162,0.0,0.6666666666666666,True
Loc,152x172,4,0,1,0.9862106942009192,0.0,0.25,False
Loc,40x40,4,0,3,0.952761303504395,0.0,0.75,False
Loc,44x45,4,0,0,0.9988929621026716,0.0,0.0,False
Loc,50x43,4,0,3,0.9319465604561968,0.0,0.75,False
Loc,29x27,3,0,2,0.8413862524684329,0.0,0.6666666666666666,False
Loc,35x34,3,0,3,0.8512613245594255,0.0,1.0,False
Loc,49x39,3,0,2,0.9182396022392529,0.0,0.6666666666666666,False
Loc,126x143,2,0,0,0.9986844541735099,0.0,0.0,False
Loc,30x31,2,0,0,0.9993676565511338,0.0,0.0,False
Loc,33x37,2,0,1,0.9784698131656815,0.0,0.5,False
Loc,36x36,2,0,1,0.9171722143169421,0.0,0.5,False
Loc,43x44,2,0,2,0.8650504937209009,0.0,1.0,False
Loc,51x59,2,0,1,0.9693901731977388,0.0,0.5,False
Loc,57x64,2,0,1,0.9496595411836661,0.0,0.5,False
Loc,63x76,2,0,0,0.9934103804522081,0.0,0.0,False
Loc,64x60,2,0,0,0.9965737912328866,0.0,0.0,False
Loc,65x60,2,0,2,0.8765067305257893,0.0,1.0,False
Loc,73x61,2,0,0,0.999784218306287,0.0,0.0,False
Loc,74x76,2,0,2,0.9450530759292948,0.0,1.0,False
Loc,107x150,1,0,1,0.9577052861276015,0.0,1.0,False
Loc,115x92,1,0,1,0.8321812462341242,0.0,1.0,False
Loc,30x30,1,0,0,0.9770162034857981,0.0,0.0,False
Loc,31x28,1,0,1,0.9235022141384892,0.0,1.0,False
Loc,31x33,1,0,1,0.9337867386659924,0.0,1.0,False
Loc,33x35,1,0,1,0.9297224853794935,0.0,1.0,False
Loc,35x36,1,0,0,0.9993307968617497,0.0,0.0,False
Loc,38x39,1,0,0,0.9989829166140807,0.0,0.0,False
Loc,41x41,1,0,1,0.8935092429988375,0.0,1.0,False
Loc,42x29,1,0,0,0.9970764493122642,0.0,0.0,False
Loc,42x43,1,0,0,0.9928709478616174,0.0,0.0,False
Loc,45x45,1,0,0,0.999907927880683,0.0,0.0,False
Loc,47x47,1,0,0,0.9999574298357649,0.0,0.0,False
Loc,56x41,1,0,0,0.999372830766215,0.0,0.0,False
Loc,58x53,1,0,0,0.9995756293813322,0.0,0.0,False
Loc,59x46,1,0,1,0.791264386131454,0.0,1.0,False
Loc,63x64,1,0,1,0.9078970208450061,0.0,1.0,False
Loc,63x75,1,0,0,0.993796499720412,0.0,0.0,False
Loc,64x71,1,0,0,0.9972732813430034,0.0,0.0,False
Loc,68x80,1,0,1,0.5761172315479633,0.0,1.0,False
Loc,72x43,1,0,1,0.8651576484636953,0.0,1.0,False
Loc,72x67,1,0,0,0.996450639363355,0.0,0.0,False
Loc,74x61,1,0,1,0.9716673515132939,0.0,1.0,False
Loc,75x77,1,0,0,0.9995259348626345,0.0,0.0,False
Loc,79x58,1,0,1,0.4651911312926056,0.0,1.0,False
Loc,86x89,1,0,0,0.9928631707779962,0.0,0.0,False
Loc,89x90,1,0,1,0.9733173866139001,0.0,1.0,False
Scratch,32x32,2,2,2,0.7429469318792208,1.0,1.0,False
Scratch,122x104,1,1,0,0.9851243584169194,1.0,0.0,False
Scratch,22x50,1,1,1,0.4626456995187744,1.0,1.0,False
Scratch,25x27,1,1,1,0.936911106034215,1.0,1.0,False
Scratch,34x31,1,1,1,0.571869173527435,1.0,1.0,False
Scratch,35x34,1,1,1,0.9701481562575228,1.0,1.0,False
Scratch,89x81,1,1,1,0.8743305637269663,1.0,1.0,False
Scratch,26x30,6,4,6,0.6639008402109408,0.6666666666666666,1.0,True
Scratch,35x31,8,5,6,0.8548602960324305,0.625,0.75,True
Scratch,26x26,12,7,11,0.8673575592447625,0.5833333333333334,0.9166666666666666,True
Scratch,25x26,4,2,2,0.9151130267777376,0.5,0.5,False
Scratch,41x40,4,2,4,0.8014424698022875,0.5,1.0,False
Scratch,42x44,2,1,2,0.6026013551158014,0.5,1.0,False
Scratch,44x41,2,1,1,0.798462288249966,0.5,0.5,False
Scratch,51x30,2,1,2,0.9352315899787582,0.5,1.0,False
Scratch,30x34,11,5,8,0.8696609099808241,0.45454545454545453,0.7272727272727273,True
Scratch,116x146,9,3,5,0.8222011356060402,0.3333333333333333,0.5555555555555556,True
Scratch,29x26,9,3,5,0.8604557661203349,0.3333333333333333,0.5555555555555556,True
Scratch,41x42,3,1,3,0.7932471799294573,0.3333333333333333,1.0,False
Scratch,44x43,3,1,3,0.8793984731161425,0.3333333333333333,1.0,False
Scratch,39x37,9,2,4,0.894738083189449,0.2222222222222222,0.4444444444444444,True
Scratch,41x33,6,1,3,0.8255608658584985,0.16666666666666666,0.5,True
Scratch,33x29,8,1,6,0.8196886684397264,0.125,0.75,True
Scratch,52x59,13,0,0,0.9980076871419759,0.0,0.0,True
Scratch,72x72,5,0,1,0.9822065980938138,0.0,0.2,True
Scratch,41x38,4,0,0,0.9957382397799688,0.0,0.0,False
Scratch,32x29,2,0,0,0.9965382807675081,0.0,0.0,False
Scratch,33x37,2,0,1,0.9018637159535009,0.0,0.5,False
Scratch,34x34,2,0,0,0.9879670326824268,0.0,0.0,False
Scratch,38x38,2,0,2,0.8726155726045877,0.0,1.0,False
Scratch,43x44,2,0,0,0.9948576061606773,0.0,0.0,False
Scratch,45x42,2,0,2,0.7421854421300365,0.0,1.0,False
Scratch,49x39,2,0,1,0.9489586449291592,0.0,0.5,False
Scratch,109x111,1,0,0,0.9999310105793233,0.0,0.0,False
Scratch,135x146,1,0,1,0.7323999612293064,0.0,1.0,False
Scratch,36x30,1,0,0,0.999931807672321,0.0,0.0,False
Scratch,38x42,1,0,0,0.9957139412602793,0.0,0.0,False
Scratch,39x45,1,0,0,0.9914637851774731,0.0,0.0,False
Scratch,39x50,1,0,0,0.9995842075329263,0.0,0.0,False
Scratch,40x43,1,0,0,0.977821671491521,0.0,0.0,False
Scratch,42x43,1,0,0,0.9994706587099138,0.0,0.0,False
Scratch,42x61,1,0,0,0.9830098964800679,0.0,0.0,False
Scratch,45x43,1,0,0,0.9918582910814087,0.0,0.0,False
Scratch,48x48,1,0,0,0.9995784926629447,0.0,0.0,False
Scratch,50x43,1,0,1,0.8845027633361663,0.0,1.0,False
Scratch,51x59,1,0,0,0.9789453080349169,0.0,0.0,False
Scratch,55x66,1,0,0,0.9999821092979512,0.0,0.0,False
Scratch,56x41,1,0,0,0.9982248864158272,0.0,0.0,False
Scratch,56x63,1,0,0,0.999440295880264,0.0,0.0,False
Scratch,59x56,1,0,0,0.9879785277775469,0.0,0.0,False
Scratch,63x59,1,0,0,0.9969766784813812,0.0,0.0,False
Scratch,63x76,1,0,0,0.9992967924487954,0.0,0.0,False
Scratch,64x60,1,0,0,0.9994801805727873,0.0,0.0,False
Scratch,64x71,1,0,0,0.9993497500306937,0.0,0.0,False
Scratch,68x72,1,0,0,0.9991356818148993,0.0,0.0,False
Scratch,72x67,1,0,0,0.9888299124658955,0.0,0.0,False
Scratch,74x76,1,0,0,0.9962685466964812,0.0,0.0,False
Scratch,75x61,1,0,0,0.994050327921338,0.0,0.0,False
Scratch,77x76,1,0,1,0.8332503938234738,0.0,1.0,False
Scratch,87x74,1,0,0,0.9998761587582589,0.0,0.0,False
Scratch,89x76,1,0,1,0.5586962599762292,0.0,1.0,False
