model,strategy,fold,fit_seconds,train_rows_after,train_positives_after,threshold,pr_auc,roc_auc,precision,recall,f1,specificity,balanced_accuracy,accuracy,mcc,tn,fp,fn,tp
XGBoost,scale_pos_weight,1,0.2113216999996439,1002,66,0.19740238785743713,0.1699584941650307,0.7038712921065862,0.24,0.35294117647058826,0.2857142857142857,0.9188034188034188,0.6358722976370035,0.8804780876494024,0.22801797301121215,215,19,11,6
CatBoost,scale_pos_weight,1,1.5568108999996184,1002,66,0.2938372782653775,0.14210856320019316,0.6724484665661137,0.26666666666666666,0.23529411764705882,0.25,0.9529914529914529,0.5941427853192559,0.9043824701195219,0.19959414498976066,223,11,13,4
LightGBM,scale_pos_weight,1,0.23928929999965476,1002,66,0.06546238998391816,0.15282601999276446,0.6294620412267471,0.24,0.35294117647058826,0.2857142857142857,0.9188034188034188,0.6358722976370035,0.8804780876494024,0.22801797301121215,215,19,11,6
XGBoost,SMOTE_1.00,1,0.20203850000052626,1872,936,0.2414110153913498,0.1832994572856566,0.7119155354449472,0.20512820512820512,0.47058823529411764,0.2857142857142857,0.8675213675213675,0.6690548014077426,0.8406374501992032,0.23452527882653337,203,31,9,8
CatBoost,SMOTE_1.00,1,1.7222732000000178,1872,936,0.46121866018970265,0.18387304308750854,0.6500754147812972,0.3076923076923077,0.23529411764705882,0.26666666666666666,0.9615384615384616,0.5984162895927602,0.9123505976095617,0.22318716618870657,225,9,13,4
LightGBM,SMOTE_1.00,1,0.39628739999989193,1872,936,0.3552061708546969,0.17406019971337033,0.6784816490698844,0.35714285714285715,0.29411764705882354,0.3225806451612903,0.9615384615384616,0.6278280542986425,0.9163346613545816,0.27993059850063823,225,9,12,5
XGBoost,CTGAN_0.50,1,0.19066829999974289,1404,468,0.0497998408973217,0.11530303359399219,0.6729512317747612,0.15384615384615385,0.5882352941176471,0.24390243902439024,0.7649572649572649,0.676596279537456,0.7529880478087649,0.20259596170035388,179,55,7,10
CatBoost,CTGAN_0.50,1,1.6975565999991886,1404,468,0.043475919896638106,0.12172585260936117,0.6865258924082454,0.15789473684210525,0.7058823529411765,0.25806451612903225,0.7264957264957265,0.7161890397184515,0.7250996015936255,0.2364668341575658,170,64,5,12
LightGBM,CTGAN_0.50,1,0.306411599999592,1404,468,0.010234789295534138,0.0947156926848635,0.6173956762192057,0.12941176470588237,0.6470588235294118,0.21568627450980393,0.6837606837606838,0.6654097536450478,0.6812749003984063,0.1756547882886861,160,74,6,11
XGBoost,CTGAN_0.75,1,0.19575950000034936,1638,702,0.027274105697870255,0.11277267924285092,0.6719457013574661,0.14285714285714285,0.7647058823529411,0.24074074074074073,0.6666666666666666,0.7156862745098038,0.6733067729083665,0.22547801696496664,156,78,4,13
CatBoost,CTGAN_0.75,1,1.6878875000002154,1638,702,0.03760881552699479,0.11497287505501672,0.6757164404223228,0.13636363636363635,0.7058823529411765,0.22857142857142856,0.6752136752136753,0.6905480140774258,0.6772908366533864,0.2006927452340899,158,76,5,12
LightGBM,CTGAN_0.75,1,0.3143098000000464,1638,702,0.008467173173829804,0.09861045846759706,0.6274509803921569,0.12643678160919541,0.6470588235294118,0.21153846153846154,0.6752136752136753,0.6611362493715436,0.6733067729083665,0.1701665074894024,158,76,6,11
XGBoost,CTGAN_1.00,1,0.19819980000011128,1872,936,0.032843347638845444,0.10935079165191353,0.6568627450980393,0.13953488372093023,0.7058823529411765,0.23300970873786409,0.6837606837606838,0.6948215183509301,0.6852589641434262,0.20630421971041454,160,74,5,12
CatBoost,CTGAN_1.00,1,1.7046920000002501,1872,936,0.03853215360124734,0.10713532977642996,0.6621417797888387,0.13333333333333333,0.7058823529411765,0.22429906542056074,0.6666666666666666,0.6862745098039216,0.6693227091633466,0.19520081271588743,156,78,5,12
LightGBM,CTGAN_1.00,1,0.3353993000000628,1872,936,0.0079481609806992,0.09617445671006737,0.6206636500754148,0.11956521739130435,0.6470588235294118,0.2018348623853211,0.6538461538461539,0.6504524886877828,0.6533864541832669,0.15691674297986782,153,81,6,11
XGBoost,TVAE_0.50,1,0.18469100000038452,1404,468,0.2304593026638031,0.1694152787257612,0.6852689793866265,0.23809523809523808,0.29411764705882354,0.2631578947368421,0.9316239316239316,0.6128707893413776,0.8884462151394422,0.20486623301065002,218,16,12,5
CatBoost,TVAE_0.50,1,1.6910868000004484,1404,468,0.10439109605787616,0.14445278295197478,0.6699346405228758,0.18604651162790697,0.47058823529411764,0.26666666666666666,0.8504273504273504,0.660507792860734,0.8247011952191236,0.2140881417607395,199,35,9,8
LightGBM,TVAE_0.50,1,0.3248057000000699,1404,468,0.08668941165806644,0.14586294890205392,0.6553544494720965,0.2222222222222222,0.35294117647058826,0.2727272727272727,0.9102564102564102,0.6315987933634992,0.8725099601593626,0.21345601681597476,213,21,11,6
XGBoost,TVAE_0.75,1,0.19285370000034163,1638,702,0.32139235734939575,0.19199828148959747,0.6804927099044746,0.4166666666666667,0.29411764705882354,0.3448275862068966,0.9700854700854701,0.6321015585721468,0.9243027888446215,0.3111578436542964,227,7,12,5
CatBoost,TVAE_0.75,1,1.7003523000003042,1638,702,0.24399035967362476,0.14602546570263217,0.6699346405228759,0.3157894736842105,0.35294117647058826,0.3333333333333333,0.9444444444444444,0.6486928104575164,0.9043824701195219,0.2825085280270393,221,13,11,6
LightGBM,TVAE_0.75,1,0.325002399999903,1638,702,0.053631620166532196,0.1389915551599275,0.6480643539467069,0.19444444444444445,0.4117647058823529,0.2641509433962264,0.8760683760683761,0.6439165409753644,0.8446215139442231,0.20634911801515193,205,29,10,7
XGBoost,TVAE_1.00,1,0.1995030999996743,1872,936,0.26307275891304016,0.1713286448347391,0.6913021618903972,0.3,0.35294117647058826,0.32432432432432434,0.9401709401709402,0.6465560583207642,0.900398406374502,0.2719851377417261,220,14,11,6
CatBoost,TVAE_1.00,1,1.7054478000000017,1872,936,0.28444109945664,0.18487722401968393,0.6704374057315233,0.3125,0.29411764705882354,0.30303030303030304,0.9529914529914529,0.6235545500251383,0.9083665338645418,0.25417170720178023,223,11,12,5
LightGBM,TVAE_1.00,1,0.39933359999940876,1872,936,0.33979289425464626,0.16885527708084402,0.6540975364504775,0.42857142857142855,0.17647058823529413,0.25,0.9829059829059829,0.5796882855706385,0.9282868525896414,0.24322764525083893,230,4,14,3
XGBoost,scale_pos_weight,2,0.2255881999999474,1002,66,0.07424205541610718,0.16470618072959364,0.7310206133735545,0.15384615384615385,0.5882352941176471,0.24390243902439024,0.7649572649572649,0.676596279537456,0.7529880478087649,0.20259596170035388,179,55,7,10
CatBoost,scale_pos_weight,2,1.630076999999801,1002,66,0.07539830429439166,0.1626173075509426,0.7543991955756661,0.171875,0.6470588235294118,0.2716049382716049,0.7735042735042735,0.7102815485168427,0.7649402390438247,0.24246706825728803,181,53,6,11
LightGBM,scale_pos_weight,2,0.2817242000000988,1002,66,0.24945143498606948,0.1544755985238621,0.7209653092006033,0.25,0.23529411764705882,0.24242424242424243,0.9487179487179487,0.5920060331825038,0.900398406374502,0.18927130180234297,222,12,13,4
XGBoost,SMOTE_1.00,2,0.22241219999978057,1872,936,0.6395670175552368,0.17832204719873454,0.7176973353443942,0.3333333333333333,0.23529411764705882,0.27586206896551724,0.9658119658119658,0.6005530417295123,0.9163346613545816,0.23684707414218564,226,8,13,4
CatBoost,SMOTE_1.00,2,1.743763499999659,1872,936,0.16609463068267852,0.18062694022874362,0.712166918049271,0.17777777777777778,0.47058823529411764,0.25806451612903225,0.8418803418803419,0.6562342885872298,0.8167330677290837,0.20469105866156634,197,37,9,8
LightGBM,SMOTE_1.00,2,0.3860204000002341,1872,936,0.20843498451926304,0.17069349561075986,0.690296631473102,0.25,0.35294117647058826,0.2926829268292683,0.9230769230769231,0.6380090497737557,0.8844621513944223,0.23585842888709008,216,18,11,6
XGBoost,CTGAN_0.50,2,0.1887045000003127,1404,468,0.1147029846906662,0.17986637297681357,0.7368024132730016,0.23076923076923078,0.35294117647058826,0.27906976744186046,0.9145299145299145,0.6337355455002514,0.8764940239043825,0.22056231199885326,214,20,11,6
CatBoost,CTGAN_0.50,2,1.6946297000004051,1404,468,0.11986999658545415,0.21118848219977954,0.7310206133735545,0.1935483870967742,0.35294117647058826,0.25,0.8931623931623932,0.6230517848164907,0.8565737051792829,0.1879568314256578,209,25,11,6
LightGBM,CTGAN_0.50,2,0.29560720000063156,1404,468,0.09818966850559557,0.1644777149347576,0.717948717948718,0.2631578947368421,0.29411764705882354,0.2777777777777778,0.9401709401709402,0.6171442936148819,0.896414342629482,0.22256800348368608,220,14,12,5
XGBoost,CTGAN_0.75,2,0.19272410000030504,1638,702,0.24417005479335785,0.17382991840304537,0.7352941176470588,0.2857142857142857,0.23529411764705882,0.25806451612903225,0.9572649572649573,0.596279537456008,0.9083665338645418,0.2108425156848465,224,10,13,4
CatBoost,CTGAN_0.75,2,1.6879318999999668,1638,702,0.06669373643654362,0.1787611811128102,0.7528908999497235,0.1724137931034483,0.5882352941176471,0.26666666666666666,0.7948717948717948,0.691553544494721,0.7808764940239044,0.22838097690270429,186,48,7,10
LightGBM,CTGAN_0.75,2,0.297318500000074,1638,702,0.03323778444552993,0.16461840247022488,0.7146807440925088,0.175,0.4117647058823529,0.24561403508771928,0.8589743589743589,0.6353695324283559,0.8286852589641435,0.18587119477923045,201,33,10,7
XGBoost,CTGAN_1.00,2,0.20188859999962006,1872,936,0.11736071854829788,0.18965031543888133,0.7184514831573654,0.1935483870967742,0.35294117647058826,0.25,0.8931623931623932,0.6230517848164907,0.8565737051792829,0.1879568314256578,209,25,11,6
CatBoost,CTGAN_1.00,2,1.7016364999999496,1872,936,0.04971194925919394,0.16941183309447178,0.7596782302664655,0.1625,0.7647058823529411,0.26804123711340205,0.7136752136752137,0.7391905480140775,0.7171314741035857,0.25796652307594714,167,67,4,13
LightGBM,CTGAN_1.00,2,0.30203999999957887,1872,936,0.04264422209626091,0.16797809445532078,0.7184514831573655,0.1891891891891892,0.4117647058823529,0.25925925925925924,0.8717948717948718,0.6417797888386123,0.8406374501992032,0.20098745988885117,204,30,10,7
XGBoost,TVAE_0.50,2,0.19686770000043907,1404,468,0.0559084415435791,0.1252722587425802,0.710910005027652,0.140625,0.5294117647058824,0.2222222222222222,0.7649572649572649,0.6471845148315736,0.749003984063745,0.16971245482921954,179,55,8,9
CatBoost,TVAE_0.50,2,1.706728899999689,1404,468,0.03572571774248276,0.13888994487472267,0.695072900955254,0.13131313131313133,0.7647058823529411,0.22413793103448276,0.6324786324786325,0.6985922574157868,0.6414342629482072,0.20421390324144362,148,86,4,13
LightGBM,TVAE_0.50,2,0.31718610000007175,1404,468,0.022751742362819332,0.1216991624884147,0.7003519356460532,0.14545454545454545,0.47058823529411764,0.2222222222222222,0.7991452991452992,0.6348667672197084,0.7768924302788844,0.16385434118617684,187,47,9,8
XGBoost,TVAE_0.75,2,0.30162899999959336,1638,702,0.02754972130060196,0.14091595231007895,0.7134238310708899,0.13392857142857142,0.8823529411764706,0.23255813953488372,0.5854700854700855,0.7339115133232781,0.6055776892430279,0.23648171825684478,137,97,2,15
CatBoost,TVAE_0.75,2,1.8370319999994535,1638,702,0.029402611431001303,0.13453005553315073,0.6822523881347411,0.13392857142857142,0.8823529411764706,0.23255813953488372,0.5854700854700855,0.7339115133232781,0.6055776892430279,0.23648171825684478,137,97,2,15
LightGBM,TVAE_0.75,2,0.3402317000000039,1638,702,0.022433211945121802,0.12730379425816826,0.6882855706385118,0.13793103448275862,0.47058823529411764,0.21333333333333335,0.7863247863247863,0.628456510809452,0.7649402390438247,0.15315312230614422,184,50,9,8
XGBoost,TVAE_1.00,2,0.2134552999996231,1872,936,0.049144644290208817,0.14872612929307166,0.7337858220211161,0.1518987341772152,0.7058823529411765,0.25,0.7136752136752137,0.7097787833081951,0.7131474103585658,0.22701062176358833,167,67,5,12
CatBoost,TVAE_1.00,2,1.7189807000004294,1872,936,0.026807102381445756,0.12011851501762967,0.6784816490698844,0.125,0.8823529411764706,0.21897810218978103,0.5512820512820513,0.7168174962292609,0.5737051792828686,0.21813755406408816,129,105,2,15
LightGBM,TVAE_1.00,2,0.3918084999995699,1872,936,0.022532961270006986,0.12644396214756592,0.6845148315736551,0.14814814814814814,0.47058823529411764,0.22535211267605634,0.8034188034188035,0.6370035193564605,0.7808764940239044,0.16755759398442777,188,46,9,8
XGBoost,scale_pos_weight,3,0.21350249999977677,1002,66,0.7892468571662903,0.26905389019664994,0.690296631473102,1.0,0.17647058823529413,0.3,1.0,0.5882352941176471,0.9442231075697212,0.408054578334113,234,0,14,3
CatBoost,scale_pos_weight,3,1.4233831999999893,1002,66,0.4003124944573008,0.3020619629047328,0.7073906485671192,0.5714285714285714,0.23529411764705882,0.3333333333333333,0.9871794871794872,0.611236802413273,0.9362549800796812,0.33952123982175464,231,3,13,4
LightGBM,scale_pos_weight,3,0.23517439999977796,1002,66,0.2889354958615435,0.26059922132924934,0.7036199095022624,0.4,0.23529411764705882,0.2962962962962963,0.9743589743589743,0.6048265460030166,0.9243027888446215,0.26935506093608186,228,6,13,4
XGBoost,SMOTE_1.00,3,0.22728259999985312,1872,936,0.5479288101196289,0.27148215236249035,0.7584213172448466,0.35714285714285715,0.29411764705882354,0.3225806451612903,0.9615384615384616,0.6278280542986425,0.9163346613545816,0.27993059850063823,225,9,12,5
CatBoost,SMOTE_1.00,3,1.685133599999972,1872,936,0.5222860148338381,0.29610083743579585,0.7491201608848668,0.38461538461538464,0.29411764705882354,0.3333333333333333,0.9658119658119658,0.6299648064353947,0.9203187250996016,0.294732477444601,226,8,12,5
LightGBM,SMOTE_1.00,3,0.38867800000025454,1872,936,0.23015980766291547,0.2738850574307206,0.755656108597285,0.2857142857142857,0.35294117647058826,0.3157894736842105,0.9358974358974359,0.6444193061840121,0.896414342629482,0.26212839836217916,219,15,11,6
XGBoost,CTGAN_0.50,3,0.1948271000001114,1404,468,0.35908278822898865,0.239552244840113,0.6930618401206636,0.5714285714285714,0.23529411764705882,0.3333333333333333,0.9871794871794872,0.611236802413273,0.9362549800796812,0.33952123982175464,231,3,13,4
CatBoost,CTGAN_0.50,3,1.682611100000031,1404,468,0.2607895404128542,0.21252427723642098,0.7413273001508296,0.36363636363636365,0.23529411764705882,0.2857142857142857,0.9700854700854701,0.6026897938662644,0.9203187250996016,0.25210862496024805,227,7,13,4
LightGBM,CTGAN_0.50,3,0.3091756000003443,1404,468,0.3566573078753092,0.2294496788927909,0.6508295625942685,0.6,0.17647058823529413,0.2727272727272727,0.9914529914529915,0.5839617898441428,0.9362549800796812,0.3019892735291208,232,2,14,3
XGBoost,CTGAN_0.75,3,0.20545539999966422,1638,702,0.34800922870635986,0.26276221340760814,0.6963298139768728,0.5714285714285714,0.23529411764705882,0.3333333333333333,0.9871794871794872,0.611236802413273,0.9362549800796812,0.33952123982175464,231,3,13,4
CatBoost,CTGAN_0.75,3,1.6863549999998213,1638,702,0.2662985689333239,0.24499241381378853,0.7342885872297638,0.4,0.23529411764705882,0.2962962962962963,0.9743589743589743,0.6048265460030166,0.9243027888446215,0.26935506093608186,228,6,13,4
LightGBM,CTGAN_0.75,3,0.31470569999964937,1638,702,0.27521017929572467,0.24113740433777942,0.6749622926093515,0.4444444444444444,0.23529411764705882,0.3076923076923077,0.9786324786324786,0.6069632981397687,0.9282868525896414,0.2891134079246777,229,5,13,4
XGBoost,CTGAN_1.00,3,0.21075479999944946,1872,936,0.4140554666519165,0.22881733661183853,0.678984414278532,0.6666666666666666,0.23529411764705882,0.34782608695652173,0.9914529914529915,0.6133735545500252,0.9402390438247012,0.3730057106019471,232,2,13,4
CatBoost,CTGAN_1.00,3,1.7057353000000148,1872,936,0.06319049733860249,0.21510438877428084,0.7450980392156862,0.2,0.5882352941176471,0.29850746268656714,0.8290598290598291,0.7086475615887381,0.8127490039840638,0.262538299404468,194,40,7,10
LightGBM,CTGAN_1.00,3,0.32090620000053605,1872,936,0.3094819063721232,0.25427941690735106,0.6689291101055806,0.4,0.23529411764705882,0.2962962962962963,0.9743589743589743,0.6048265460030166,0.9243027888446215,0.26935506093608186,228,6,13,4
XGBoost,TVAE_0.50,3,0.21566940000047907,1404,468,0.5138959884643555,0.19226959416045453,0.6955756661639014,0.6,0.17647058823529413,0.2727272727272727,0.9914529914529915,0.5839617898441428,0.9362549800796812,0.3019892735291208,232,2,14,3
CatBoost,TVAE_0.50,3,1.6861288000000059,1404,468,0.3364532310788282,0.22040058894769707,0.6772247360482655,0.5,0.17647058823529413,0.2608695652173913,0.9871794871794872,0.5818250377073907,0.9322709163346613,0.26920922128810154,231,3,14,3
LightGBM,TVAE_0.50,3,0.32945269999981974,1404,468,0.23902650175990311,0.17632387380611286,0.6953242835595778,0.36363636363636365,0.23529411764705882,0.2857142857142857,0.9700854700854701,0.6026897938662644,0.9203187250996016,0.25210862496024805,227,7,13,4
XGBoost,TVAE_0.75,3,0.2099205999993501,1638,702,0.45588403940200806,0.19106929581376453,0.6782302664655605,0.5,0.17647058823529413,0.2608695652173913,0.9871794871794872,0.5818250377073907,0.9322709163346613,0.26920922128810154,231,3,14,3
CatBoost,TVAE_0.75,3,1.7278304000001299,1638,702,0.25954016192045104,0.20668546022333922,0.6533433886375063,0.2857142857142857,0.23529411764705882,0.25806451612903225,0.9572649572649573,0.596279537456008,0.9083665338645418,0.2108425156848465,224,10,13,4
LightGBM,TVAE_0.75,3,0.3390603999996529,1638,702,0.18224500078960792,0.1574587504245353,0.6631473102061337,0.23529411764705882,0.23529411764705882,0.23529411764705882,0.9444444444444444,0.5898692810457516,0.896414342629482,0.17973856209150327,221,13,13,4
XGBoost,TVAE_1.00,3,0.21245410000028642,1872,936,0.3577350080013275,0.20835623629269262,0.6666666666666667,0.3333333333333333,0.23529411764705882,0.27586206896551724,0.9658119658119658,0.6005530417295123,0.9163346613545816,0.23684707414218564,226,8,13,4
CatBoost,TVAE_1.00,3,1.706666199999745,1872,936,0.07488820914994175,0.2123795871802593,0.6777275012569131,0.1836734693877551,0.5294117647058824,0.2727272727272727,0.8290598290598291,0.6792357968828557,0.8087649402390438,0.2272549812464047,194,40,8,9
LightGBM,TVAE_1.00,3,0.4072752000001856,1872,936,0.2429054623360022,0.1776830978422858,0.6882855706385118,0.2857142857142857,0.23529411764705882,0.25806451612903225,0.9572649572649573,0.596279537456008,0.9083665338645418,0.2108425156848465,224,10,13,4
XGBoost,scale_pos_weight,4,0.22359980000055657,1003,67,0.15072323381900787,0.1084256100302147,0.6533119658119658,0.15625,0.3125,0.20833333333333334,0.8846153846153846,0.5985576923076923,0.848,0.14440598919083966,207,27,11,5
CatBoost,scale_pos_weight,4,1.5696124999994936,1003,67,0.08912372293440299,0.12218323880492843,0.6931089743589743,0.1794871794871795,0.4375,0.2545454545454545,0.8632478632478633,0.6503739316239316,0.836,0.2028602420389679,202,32,9,7
LightGBM,scale_pos_weight,4,0.262172499999906,1003,67,0.02348797222682347,0.11909389394285086,0.6650641025641025,0.16279069767441862,0.4375,0.23728813559322035,0.8461538461538461,0.6418269230769231,0.82,0.18396584355168863,198,36,9,7
XGBoost,SMOTE_1.00,4,0.22424649999993562,1872,936,0.17128412425518036,0.11115005520907639,0.6666666666666667,0.15789473684210525,0.375,0.2222222222222222,0.8632478632478633,0.6191239316239316,0.832,0.1624191396164275,202,32,10,6
CatBoost,SMOTE_1.00,4,1.7469967000006363,1872,936,0.09178047857870529,0.12175194329799185,0.6891025641025641,0.18181818181818182,0.5,0.26666666666666666,0.8461538461538461,0.6730769230769231,0.824,0.22247290874455497,198,36,8,8
LightGBM,SMOTE_1.00,4,0.36922599999979866,1872,936,0.02158525758979284,0.1124343034905652,0.6768162393162394,0.125,0.5,0.2,0.7606837606837606,0.6303418803418803,0.744,0.1461959825880254,178,56,8,8
XGBoost,CTGAN_0.50,4,0.19294020000052114,1404,468,0.042726848274469376,0.09725950157076163,0.6471688034188035,0.1346153846153846,0.4375,0.20588235294117646,0.8076923076923077,0.6225961538461539,0.784,0.14785652474486485,189,45,9,7
CatBoost,CTGAN_0.50,4,1.7137793000001693,1404,468,0.024956276709037304,0.09485937884230201,0.6332799145299145,0.1134020618556701,0.6875,0.19469026548672566,0.6324786324786325,0.6599893162393162,0.636,0.16071533410965283,148,86,5,11
LightGBM,CTGAN_0.50,4,0.3107104000000618,1404,468,0.005140611933390986,0.09134580145798188,0.6322115384615384,0.10204081632653061,0.625,0.17543859649122806,0.6239316239316239,0.624465811965812,0.624,0.12479959055374105,146,88,6,10
XGBoost,CTGAN_0.75,4,0.20561300000008487,1638,702,0.033800940960645676,0.09476520673890074,0.6346153846153846,0.12121212121212122,0.5,0.1951219512195122,0.7521367521367521,0.6260683760683761,0.736,0.13999843955496058,176,58,8,8
CatBoost,CTGAN_0.75,4,1.7356567999995605,1638,702,0.07201027276064456,0.09430620692342882,0.6145833333333333,0.13513513513513514,0.3125,0.18867924528301888,0.8632478632478633,0.5878739316239316,0.828,0.12113434904518594,202,32,11,5
LightGBM,CTGAN_0.75,4,0.3041407999999137,1638,702,0.018981756383980777,0.1017218976330042,0.6538461538461539,0.13333333333333333,0.375,0.19672131147540983,0.8333333333333334,0.6041666666666667,0.804,0.13272217656353258,195,39,10,6
XGBoost,CTGAN_1.00,4,0.20974160000059783,1872,936,0.04396705701947212,0.09293820242923072,0.6356837606837606,0.125,0.4375,0.19444444444444445,0.7905982905982906,0.6140491452991452,0.768,0.1339044691712748,185,49,9,7
CatBoost,CTGAN_1.00,4,1.7838051999997333,1872,936,0.10774782983837738,0.09569073488288377,0.6113782051282052,0.13793103448275862,0.25,0.17777777777777778,0.8931623931623932,0.5715811965811965,0.852,0.10942126565384179,209,25,12,4
LightGBM,CTGAN_1.00,4,0.3178618000001734,1872,936,0.014930143969181815,0.0980449145812528,0.6463675213675213,0.12,0.375,0.18181818181818182,0.811965811965812,0.593482905982906,0.784,0.11440107883060735,190,44,10,6
XGBoost,TVAE_0.50,4,0.20413339999959135,1404,468,0.06558116525411606,0.10738106791555833,0.6826923076923077,0.14545454545454545,0.5,0.22535211267605634,0.7991452991452992,0.6495726495726496,0.78,0.17674675627801623,187,47,8,8
CatBoost,TVAE_0.50,4,1.7981474999996863,1404,468,0.10101073094611993,0.10795556097774857,0.686698717948718,0.1590909090909091,0.4375,0.23333333333333334,0.8418803418803419,0.639690170940171,0.816,0.1795576099898183,197,37,9,7
LightGBM,TVAE_0.50,4,0.32735739999952784,1404,468,0.024532674452373247,0.10257009913142714,0.6647970085470085,0.13333333333333333,0.5,0.21052631578947367,0.7777777777777778,0.6388888888888888,0.76,0.1591889776469731,182,52,8,8
XGBoost,TVAE_0.75,4,0.23030759999983275,1638,702,0.09086412936449051,0.10782973463457844,0.6965811965811965,0.15384615384615385,0.5,0.23529411764705882,0.811965811965812,0.655982905982906,0.792,0.18812246285621148,190,44,8,8
CatBoost,TVAE_0.75,4,1.7274521999997887,1638,702,0.06105565451456313,0.11767592683323393,0.7075320512820513,0.15,0.5625,0.23684210526315788,0.782051282051282,0.672275641025641,0.768,0.19745555881211085,183,51,7,9
LightGBM,TVAE_0.75,4,0.3563904000002367,1638,702,0.013960894309890602,0.10190825425473916,0.6749465811965811,0.12,0.5625,0.1978021978021978,0.717948717948718,0.640224358974359,0.708,0.14978617237881953,168,66,7,9
XGBoost,TVAE_1.00,4,0.22154590000081953,1872,936,0.03507533669471741,0.10168369663936846,0.6776175213675214,0.125,0.625,0.20833333333333334,0.7008547008547008,0.6629273504273504,0.696,0.17097100180739608,164,70,6,10
CatBoost,TVAE_1.00,4,1.767268100000365,1872,936,0.09404195879435964,0.11828075629638776,0.6931089743589743,0.14285714285714285,0.4375,0.2153846153846154,0.8205128205128205,0.6290064102564102,0.796,0.1590791045366781,192,42,9,7
LightGBM,TVAE_1.00,4,0.3493414999993547,1872,936,0.003919909517007524,0.09650324371044978,0.655448717948718,0.10218978102189781,0.875,0.1830065359477124,0.47435897435897434,0.6746794871794872,0.5,0.1718067880174078,111,123,2,14
XGBoost,scale_pos_weight,5,0.22720349999963219,1003,67,0.13904593884944916,0.1932641852285648,0.6963141025641025,0.23333333333333334,0.4375,0.30434782608695654,0.9017094017094017,0.6696047008547008,0.872,0.2554840741555374,211,23,9,7
CatBoost,scale_pos_weight,5,1.5090050999997402,1003,67,0.18981188224101042,0.24795050642827998,0.6907051282051282,0.3125,0.3125,0.3125,0.9529914529914529,0.6327457264957265,0.912,0.265491452991453,223,11,11,5
LightGBM,scale_pos_weight,5,0.24553349999951024,1003,67,0.09497247003658695,0.22081522399088674,0.7099358974358975,0.29411764705882354,0.3125,0.30303030303030304,0.9487179487179487,0.6306089743589743,0.908,0.25396186841726026,222,12,11,5
XGBoost,SMOTE_1.00,5,0.22771780000039143,1872,936,0.40368545055389404,0.15912715873395952,0.6939102564102564,0.22727272727272727,0.3125,0.2631578947368421,0.9273504273504274,0.6199252136752137,0.888,0.2072190377773268,217,17,11,5
CatBoost,SMOTE_1.00,5,1.690836699999636,1872,936,0.37695008899480387,0.15248309164786017,0.6856303418803419,0.23529411764705882,0.25,0.24242424242424243,0.9444444444444444,0.5972222222222222,0.9,0.18904319039648823,221,13,12,4
LightGBM,SMOTE_1.00,5,0.39111310000043886,1872,936,0.06793888603833424,0.1315087919226958,0.6754807692307692,0.17391304347826086,0.5,0.25806451612903225,0.8376068376068376,0.6688034188034189,0.816,0.2132480921357961,196,38,8,8
XGBoost,CTGAN_0.50,5,0.19378920000053768,1404,468,0.5875487327575684,0.19534235983866077,0.6650641025641025,0.6,0.1875,0.2857142857142857,0.9914529914529915,0.5894764957264957,0.94,0.3128519298632936,232,2,13,3
CatBoost,CTGAN_0.50,5,1.7210491999994701,1404,468,0.4885905857780825,0.22443013742199422,0.7147435897435898,0.75,0.1875,0.3,0.9957264957264957,0.5916132478632479,0.944,0.35740337267742056,233,1,13,3
LightGBM,CTGAN_0.50,5,0.3099890999992567,1404,468,0.08489601732629397,0.2208936747973302,0.7102029914529915,0.25,0.3125,0.2777777777777778,0.9358974358974359,0.624198717948718,0.896,0.2240970361369181,219,15,11,5
XGBoost,CTGAN_0.75,5,0.20335859999977401,1638,702,0.5721524357795715,0.20686720478678203,0.6784188034188035,0.6,0.1875,0.2857142857142857,0.9914529914529915,0.5894764957264957,0.94,0.3128519298632936,232,2,13,3
CatBoost,CTGAN_0.75,5,1.7384970000002795,1638,702,0.4572833302992078,0.21000984523342617,0.6947115384615384,0.6,0.1875,0.2857142857142857,0.9914529914529915,0.5894764957264957,0.94,0.3128519298632936,232,2,13,3
LightGBM,CTGAN_0.75,5,0.3200368999996499,1638,702,0.4396623653819469,0.17588509149805454,0.6773504273504274,0.42857142857142855,0.1875,0.2608695652173913,0.9829059829059829,0.5852029914529915,0.932,0.2528136983536689,230,4,13,3
XGBoost,CTGAN_1.00,5,0.21200969999972585,1872,936,0.5782984495162964,0.23852567088903023,0.6725427350427351,0.6,0.1875,0.2857142857142857,0.9914529914529915,0.5894764957264957,0.94,0.3128519298632936,232,2,13,3
CatBoost,CTGAN_1.00,5,1.722037200000159,1872,936,0.5136226882374945,0.2126190360700096,0.6875,0.6,0.1875,0.2857142857142857,0.9914529914529915,0.5894764957264957,0.94,0.3128519298632936,232,2,13,3
LightGBM,CTGAN_1.00,5,0.3610232000000906,1872,936,0.038223785483966405,0.18693591258622122,0.686965811965812,0.21212121212121213,0.4375,0.2857142857142857,0.8888888888888888,0.6631944444444444,0.86,0.23600241603542904,208,26,9,7
XGBoost,TVAE_0.50,5,0.19169440000041504,1404,468,0.3892838954925537,0.20871367047472417,0.6375534188034189,0.4444444444444444,0.25,0.32,0.9786324786324786,0.6143162393162394,0.932,0.300383496784264,229,5,12,4
CatBoost,TVAE_0.50,5,1.7227202000003672,1404,468,0.21945598499546398,0.19636459936243986,0.6610576923076923,0.38461538461538464,0.3125,0.3448275862068966,0.9658119658119658,0.639155982905983,0.924,0.30679900710638436,226,8,11,5
LightGBM,TVAE_0.50,5,0.3292062000000442,1404,468,0.3689806404111523,0.1831904304273152,0.6442307692307692,0.4444444444444444,0.25,0.32,0.9786324786324786,0.6143162393162394,0.932,0.300383496784264,229,5,12,4
XGBoost,TVAE_0.75,5,0.20940559999962716,1638,702,0.4172176420688629,0.2351551982504472,0.6412927350427351,0.5,0.25,0.3333333333333333,0.9829059829059829,0.6164529914529915,0.936,0.3238887686373039,230,4,12,4
CatBoost,TVAE_0.75,5,1.7733540999997786,1638,702,0.26295979090666827,0.19431507144724253,0.6388888888888888,0.3333333333333333,0.25,0.2857142857142857,0.9658119658119658,0.607905982905983,0.92,0.24709521717379312,226,8,12,4
LightGBM,TVAE_0.75,5,0.34999489999972866,1638,702,0.15343023288120058,0.2375905910235294,0.6639957264957265,0.3125,0.3125,0.3125,0.9529914529914529,0.6327457264957265,0.912,0.265491452991453,223,11,11,5
XGBoost,TVAE_1.00,5,0.21645209999951476,1872,936,0.40862512588500977,0.17912745350360182,0.6161858974358974,0.4,0.25,0.3076923076923077,0.9743589743589743,0.6121794871794872,0.928,0.2802242691589025,228,6,12,4
CatBoost,TVAE_1.00,5,1.7536711999991894,1872,936,0.2658491550352918,0.14922658411069958,0.6266025641025641,0.23529411764705882,0.25,0.24242424242424243,0.9444444444444444,0.5972222222222222,0.9,0.18904319039648823,221,13,12,4
LightGBM,TVAE_1.00,5,0.34120899999925314,1872,936,0.5380387190412472,0.24361781834151788,0.6322115384615384,0.75,0.1875,0.3,0.9957264957264957,0.5916132478632479,0.944,0.35740337267742056,233,1,13,3
