context,generator,real_minority_rows,synthetic_rows,fit_seconds,ks_similarity_mean,correlation_similarity,nearest_real_distance_median,exact_copy_rate
fold_1,CTGAN,66,870,4.16202659999999,0.6664346917450366,0.9159988658017032,12.405856086691502,0.0
fold_1,TVAE,66,870,3.3327947000007043,0.7762821316614421,0.930668921821787,4.645046022929826,0.0
fold_2,CTGAN,66,870,2.8842710999997507,0.6802486938349007,0.9259536921064921,10.491334519022805,0.0
fold_2,TVAE,66,870,3.5570900999991864,0.7588129571577847,0.9333943527735182,4.652597970775835,0.0
fold_3,CTGAN,66,870,3.3823240000001533,0.6417157784743992,0.9179446021452573,10.780221178662906,0.0
fold_3,TVAE,66,870,3.6831650999993144,0.7892163009404388,0.924790510334844,4.624716788224642,0.0
fold_4,CTGAN,67,869,2.935692800000652,0.6828524809783078,0.8966911676418537,11.3645259454202,0.0
fold_4,TVAE,67,869,3.477204700000584,0.8026924067808255,0.9055407322182226,4.0753405155947195,0.0
fold_5,CTGAN,67,869,3.14927119999993,0.6690493447606616,0.925703584509574,13.067701189048575,0.0
fold_5,TVAE,67,869,4.028994700000112,0.7850358105903166,0.9365346417282768,4.886017375790321,0.0
full_train,CTGAN,83,1087,3.3847058999999717,0.693317076955476,0.9231142613877849,11.59177324765992,0.0
full_train,TVAE,83,1087,3.848018300000149,0.7903142283947194,0.9324561386708725,4.358476005458109,0.0
