additional_normal_budget,rows,reviewed_rows,review_workload,auto_rows,auto_coverage,auto_accuracy,errors,captured_errors,error_capture,false_negatives,captured_false_negatives,false_negative_capture,false_positives,captured_false_positives,false_positive_capture,post_review_recall
0.0,1253,642,0.5123703112529928,611,0.4876296887470072,0.9787234042553191,322,309,0.9596273291925466,28,15,0.5357142857142857,294,294,1.0,0.8433734939759037
0.05,1253,673,0.5371109337589784,580,0.46288906624102155,0.9775862068965517,322,309,0.9596273291925466,28,15,0.5357142857142857,294,294,1.0,0.8433734939759037
0.1,1253,704,0.5618515562649641,549,0.4381484437350359,0.97632058287796,322,309,0.9596273291925466,28,15,0.5357142857142857,294,294,1.0,0.8433734939759037
0.15,1253,734,0.5857940941739824,519,0.4142059058260176,0.9788053949903661,322,311,0.9658385093167702,28,17,0.6071428571428571,294,294,1.0,0.8674698795180723
0.2,1253,765,0.6105347166799681,488,0.38946528332003194,0.9774590163934426,322,311,0.9658385093167702,28,17,0.6071428571428571,294,294,1.0,0.8674698795180723
0.25,1253,795,0.6344772545889864,458,0.3655227454110136,0.9781659388646288,322,312,0.968944099378882,28,18,0.6428571428571429,294,294,1.0,0.8795180722891566
0.3,1253,826,0.659217877094972,427,0.3407821229050279,0.9765807962529274,322,312,0.968944099378882,28,18,0.6428571428571429,294,294,1.0,0.8795180722891566
0.35,1253,856,0.6831604150039904,397,0.31683958499600956,0.982367758186398,322,315,0.9782608695652174,28,21,0.75,294,294,1.0,0.9156626506024096
0.4,1253,887,0.707901037509976,366,0.29209896249002393,0.9808743169398907,322,315,0.9782608695652174,28,21,0.75,294,294,1.0,0.9156626506024096
0.45,1253,917,0.7318435754189944,336,0.2681564245810056,0.9791666666666666,322,315,0.9782608695652174,28,21,0.75,294,294,1.0,0.9156626506024096
0.5,1253,948,0.75658419792498,305,0.24341580207501995,0.9836065573770492,322,317,0.984472049689441,28,23,0.8214285714285714,294,294,1.0,0.9397590361445783
0.55,1253,979,0.7813248204309656,274,0.21867517956903432,0.9854014598540146,322,318,0.9875776397515528,28,24,0.8571428571428571,294,294,1.0,0.9518072289156626
0.6,1253,1009,0.8052673583399841,244,0.19473264166001597,0.9877049180327869,322,319,0.9906832298136646,28,25,0.8928571428571429,294,294,1.0,0.963855421686747
0.65,1253,1040,0.8300079808459697,213,0.16999201915403034,0.9859154929577465,322,319,0.9906832298136646,28,25,0.8928571428571429,294,294,1.0,0.963855421686747
0.7,1253,1070,0.8539505187549881,183,0.14604948124501196,0.9836065573770492,322,319,0.9906832298136646,28,25,0.8928571428571429,294,294,1.0,0.963855421686747
0.75,1253,1101,0.8786911412609737,152,0.12130885873902633,0.9802631578947368,322,319,0.9906832298136646,28,25,0.8928571428571429,294,294,1.0,0.963855421686747
0.8,1253,1131,0.902633679169992,122,0.09736632083000799,0.9754098360655737,322,319,0.9906832298136646,28,25,0.8928571428571429,294,294,1.0,0.963855421686747
0.85,1253,1162,0.9273743016759777,91,0.07262569832402235,0.978021978021978,322,320,0.9937888198757764,28,26,0.9285714285714286,294,294,1.0,0.9759036144578314
0.9,1253,1192,0.951316839584996,61,0.04868316041500399,1.0,322,322,1.0,28,28,1.0,294,294,1.0,1.0
0.95,1253,1223,0.9760574620909817,30,0.023942537909018357,1.0,322,322,1.0,28,28,1.0,294,294,1.0,1.0
1.0,1253,1253,1.0,0,0.0,1.0,322,322,1.0,28,28,1.0,294,294,1.0,1.0
