fold,train_cutoff,validation_start,validation_end,validation_rows,validation_defects,model,strategy,training_rows,pr_auc,roc_auc
1,400,400,553,154,7,CatBoost,expanding,400,0.246523929720651,0.8270165208940718
1,400,400,553,154,7,CatBoost,rolling_300,300,0.16867996553396025,0.7531584062196308
1,400,400,553,154,7,CatBoost,rolling_500,400,0.246523929720651,0.8270165208940718
1,400,400,553,154,7,CatBoost,exp_decay_250,400,0.2199192887857484,0.8872691933916422
1,400,400,553,154,7,XGBoost,expanding,400,0.21312004026093556,0.6277939747327503
1,400,400,553,154,7,XGBoost,rolling_300,300,0.07847716150644635,0.685131195335277
1,400,400,553,154,7,XGBoost,rolling_500,400,0.21312004026093556,0.6277939747327503
1,400,400,553,154,7,XGBoost,exp_decay_250,400,0.15094953003676764,0.662779397473275
2,554,554,708,155,5,CatBoost,expanding,554,0.04508781144036562,0.5173333333333333
2,554,554,708,155,5,CatBoost,rolling_300,300,0.06472836761817391,0.716
2,554,554,708,155,5,CatBoost,rolling_500,500,0.06958328573948079,0.5413333333333333
2,554,554,708,155,5,CatBoost,exp_decay_250,554,0.051786598134399384,0.5533333333333333
2,554,554,708,155,5,XGBoost,expanding,554,0.0449373815792153,0.504
2,554,554,708,155,5,XGBoost,rolling_300,300,0.045892587804352514,0.556
2,554,554,708,155,5,XGBoost,rolling_500,500,0.06868099623732755,0.5960000000000001
2,554,554,708,155,5,XGBoost,exp_decay_250,554,0.046142376142376144,0.4306666666666667
3,709,709,862,154,5,CatBoost,expanding,709,0.12164835164835164,0.8402684563758389
3,709,709,862,154,5,CatBoost,rolling_300,300,0.03704978534914179,0.5046979865771812
3,709,709,862,154,5,CatBoost,rolling_500,500,0.030028035102665097,0.3677852348993289
3,709,709,862,154,5,CatBoost,exp_decay_250,709,0.07761645011365056,0.6724832214765101
3,709,709,862,154,5,XGBoost,expanding,709,0.0507263958214865,0.5798657718120805
3,709,709,862,154,5,XGBoost,rolling_300,300,0.037875776683452614,0.5046979865771812
3,709,709,862,154,5,XGBoost,rolling_500,500,0.024722811030346067,0.24697986577181213
3,709,709,862,154,5,XGBoost,exp_decay_250,709,0.038755026019719856,0.5033557046979866
4,863,863,1017,155,5,CatBoost,expanding,863,0.5333333333333333,0.9813333333333334
4,863,863,1017,155,5,CatBoost,rolling_300,300,0.023386932984456203,0.2013333333333333
4,863,863,1017,155,5,CatBoost,rolling_500,500,0.0831068376068376,0.6866666666666668
4,863,863,1017,155,5,CatBoost,exp_decay_250,863,0.4916666666666666,0.96
4,863,863,1017,155,5,XGBoost,expanding,863,0.4268518518518518,0.912
4,863,863,1017,155,5,XGBoost,rolling_300,300,0.033309715661757895,0.4466666666666667
4,863,863,1017,155,5,XGBoost,rolling_500,500,0.05131826271961997,0.6413333333333333
4,863,863,1017,155,5,XGBoost,exp_decay_250,863,0.28833333333333333,0.8973333333333333
