feature,fit_to_calibration_psi,fit_missing_rate,calibration_missing_rate,absolute_missing_rate_delta
feature_0,0.11235519435664296,0.006382978723404255,0.0,0.006382978723404255
feature_1,0.06461158927902722,0.00425531914893617,0.009584664536741214,0.005329345387805043
feature_2,0.17381617823137804,0.00425531914893617,0.009584664536741214,0.005329345387805043
feature_3,0.8974361740684824,0.00425531914893617,0.009584664536741214,0.005329345387805043
feature_4,1.8565698708379257,0.00425531914893617,0.009584664536741214,0.005329345387805043
feature_6,0.7972076367953642,0.00425531914893617,0.009584664536741214,0.005329345387805043
feature_7,0.22155126438053072,0.00425531914893617,0.009584664536741214,0.005329345387805043
feature_8,0.22969003562506035,0.0,0.0,0.0
feature_9,0.10305061734513198,0.0,0.0,0.0
feature_10,0.13406498950897316,0.0,0.0,0.0
feature_11,0.7964323094992927,0.0,0.0,0.0
feature_12,0.266005528942017,0.0,0.0,0.0
feature_14,0.22587036251871828,0.0,0.0,0.0
feature_15,0.13757051437405443,0.0,0.0,0.0
feature_16,0.5392056445731362,0.0,0.0,0.0
feature_17,0.5192548844538407,0.0,0.0,0.0
feature_18,0.16019671325187398,0.0,0.0,0.0
feature_19,0.8645454165502168,0.010638297872340425,0.0,0.010638297872340425
feature_20,0.14867335997747463,0.0,0.0,0.0
feature_21,0.7506063611256542,0.002127659574468085,0.0,0.002127659574468085
feature_22,0.9485343746621986,0.002127659574468085,0.0,0.002127659574468085
feature_23,0.07342358870957415,0.002127659574468085,0.0,0.002127659574468085
feature_24,0.8856706368371732,0.002127659574468085,0.0,0.002127659574468085
feature_25,1.7685694826060894,0.002127659574468085,0.0,0.002127659574468085
feature_26,0.9124514280703491,0.002127659574468085,0.0,0.002127659574468085
feature_27,1.096290963553685,0.002127659574468085,0.0,0.002127659574468085
feature_28,0.6212971224294785,0.002127659574468085,0.0,0.002127659574468085
feature_29,0.16066140199806778,0.002127659574468085,0.0,0.002127659574468085
feature_30,0.10949064641275896,0.002127659574468085,0.0,0.002127659574468085
feature_31,0.7223229592339817,0.002127659574468085,0.0,0.002127659574468085
feature_32,0.3135015178145762,0.0010638297872340426,0.0,0.0010638297872340426
feature_33,0.44934211812121927,0.0010638297872340426,0.0,0.0010638297872340426
feature_34,2.0400713382257964,0.0010638297872340426,0.0,0.0010638297872340426
feature_35,0.5095272139405194,0.0010638297872340426,0.0,0.0010638297872340426
feature_36,2.0410546959705513,0.0010638297872340426,0.0,0.0010638297872340426
feature_37,0.8003024966169744,0.0010638297872340426,0.0,0.0010638297872340426
feature_38,0.35692884511677503,0.0010638297872340426,0.0,0.0010638297872340426
feature_39,0.3158856847968493,0.0010638297872340426,0.0,0.0010638297872340426
feature_40,2.1333714987144403,0.013829787234042552,0.03514376996805112,0.021313982734008564
feature_41,0.38155320399281284,0.013829787234042552,0.03514376996805112,0.021313982734008564
feature_43,0.6694830162900806,0.0010638297872340426,0.0,0.0010638297872340426
feature_44,0.5405347741954367,0.0010638297872340426,0.0,0.0010638297872340426
feature_45,0.4511105941892625,0.0010638297872340426,0.0,0.0010638297872340426
feature_46,0.23599788830580334,0.0010638297872340426,0.0,0.0010638297872340426
feature_47,0.23721821963616804,0.0010638297872340426,0.0,0.0010638297872340426
feature_48,0.06330216368477859,0.0010638297872340426,0.0,0.0010638297872340426
feature_50,0.20475193501860806,0.0010638297872340426,0.0,0.0010638297872340426
feature_51,0.32332127916402803,0.0010638297872340426,0.0,0.0010638297872340426
feature_53,1.4008553862950317,0.00425531914893617,0.0,0.00425531914893617
feature_54,0.29573379618880596,0.00425531914893617,0.0,0.00425531914893617
feature_55,1.8472625936824536,0.00425531914893617,0.0,0.00425531914893617
feature_56,0.6717186488103811,0.00425531914893617,0.0,0.00425531914893617
feature_57,0.22778087818348908,0.00425531914893617,0.0,0.00425531914893617
feature_58,0.6176738460831821,0.00425531914893617,0.0,0.00425531914893617
feature_59,2.8526153225515603,0.00425531914893617,0.009584664536741214,0.005329345387805043
feature_60,0.5137343666336952,0.0031914893617021275,0.009584664536741214,0.006393175175039087
feature_61,0.2143927789753456,0.0031914893617021275,0.009584664536741214,0.006393175175039087
feature_62,0.6458711246233517,0.0031914893617021275,0.009584664536741214,0.006393175175039087
feature_63,0.24696233591524855,0.00425531914893617,0.009584664536741214,0.005329345387805043
feature_64,0.7078357067787073,0.00425531914893617,0.009584664536741214,0.005329345387805043
feature_65,0.5750194609415438,0.00425531914893617,0.009584664536741214,0.005329345387805043
feature_66,0.2603553795274544,0.0031914893617021275,0.009584664536741214,0.006393175175039087
feature_67,0.791820413479055,0.0031914893617021275,0.009584664536741214,0.006393175175039087
feature_68,0.20893202915545728,0.0031914893617021275,0.009584664536741214,0.006393175175039087
feature_70,0.38598151917686857,0.0031914893617021275,0.009584664536741214,0.006393175175039087
feature_71,0.6686627545961356,0.0031914893617021275,0.009584664536741214,0.006393175175039087
feature_72,1.0100276954569947,0.4127659574468085,0.5942492012779552,0.18148324383114672
feature_73,0.3937359814110821,0.4127659574468085,0.5942492012779552,0.18148324383114672
feature_75,0.1562894974545329,0.0,0.0,0.0
feature_76,0.1298388663555748,0.0,0.0,0.0
feature_77,0.3604454089769659,0.0,0.0,0.0
feature_78,7.347328958902739,0.0,0.0,0.0
feature_79,2.1728481862151456,0.0,0.0,0.0
feature_80,5.1579660292145615,0.0,0.0,0.0
feature_81,0.1165996300442579,0.0,0.0,0.0
feature_82,0.4544649383005386,0.0,0.0,0.0
feature_83,0.16457913136756794,0.0,0.0,0.0
feature_84,0.05726979345178112,0.010638297872340425,0.006389776357827476,0.0042485215145129495
feature_86,0.2085142255227467,0.0,0.0,0.0
feature_87,0.24721552156799692,0.0,0.0,0.0
feature_88,0.05314915274074375,0.0,0.0,0.0
feature_89,0.3259850045731659,0.0,0.0,0.0
feature_90,0.0255799152654296,0.0,0.0,0.0
feature_91,0.06647981431538488,0.00425531914893617,0.006389776357827476,0.0021344572088913055
feature_92,0.26055740475869305,0.0,0.006389776357827476,0.006389776357827476
feature_93,0.15382370401096446,0.0,0.006389776357827476,0.006389776357827476
feature_94,0.01731332070439183,0.00425531914893617,0.006389776357827476,0.0021344572088913055
feature_95,0.3302826604533427,0.00425531914893617,0.006389776357827476,0.0021344572088913055
feature_96,0.10918861447593461,0.00425531914893617,0.006389776357827476,0.0021344572088913055
feature_98,0.0677195643513138,0.00425531914893617,0.006389776357827476,0.0021344572088913055
feature_99,0.13705764991795585,0.00425531914893617,0.006389776357827476,0.0021344572088913055
feature_100,0.03978933494298958,0.00425531914893617,0.006389776357827476,0.0021344572088913055
feature_101,0.02951145317099283,0.00425531914893617,0.006389776357827476,0.0021344572088913055
feature_102,0.147512146922062,0.00425531914893617,0.006389776357827476,0.0021344572088913055
feature_103,0.9591913009112427,0.0,0.006389776357827476,0.006389776357827476
feature_104,0.18575285696307436,0.0,0.006389776357827476,0.006389776357827476
feature_105,0.23378803089979333,0.00425531914893617,0.006389776357827476,0.0021344572088913055
feature_106,0.11100657776263001,0.00425531914893617,0.006389776357827476,0.0021344572088913055
feature_107,0.12419086511292526,0.00425531914893617,0.006389776357827476,0.0021344572088913055
feature_108,0.05014264892680179,0.00425531914893617,0.006389776357827476,0.0021344572088913055
feature_112,0.7300387110376609,0.24468085106382978,0.6134185303514377,0.3687376792876079
feature_113,0.08987041936368823,0.0,0.0,0.0
feature_114,0.0,0.0,0.0,0.0
feature_115,0.035716876389023294,0.0,0.0,0.0
feature_116,0.5828907107274764,0.0,0.0,0.0
feature_117,0.08115975340194291,0.0,0.0,0.0
feature_118,0.08739286074105294,0.0,0.0,0.0
feature_119,0.6649021580074627,0.0,0.0,0.0
feature_120,0.133047346985155,0.0,0.0,0.0
feature_121,0.4107310710276717,0.006382978723404255,0.0,0.006382978723404255
feature_122,2.9491150648320072,0.006382978723404255,0.0,0.006382978723404255
feature_123,0.43166718859226966,0.006382978723404255,0.0,0.006382978723404255
feature_124,1.5480704519089439,0.006382978723404255,0.0,0.006382978723404255
feature_125,0.4820192799477121,0.006382978723404255,0.0,0.006382978723404255
feature_126,1.0126729717431666,0.006382978723404255,0.0,0.006382978723404255
feature_127,2.3146190045466684,0.006382978723404255,0.0,0.006382978723404255
feature_128,0.32691724892076884,0.006382978723404255,0.0,0.006382978723404255
feature_129,4.531311037585818,0.006382978723404255,0.0,0.006382978723404255
feature_130,2.972489479422201,0.006382978723404255,0.0,0.006382978723404255
feature_131,0.6215582201633624,0.006382978723404255,0.0,0.006382978723404255
feature_132,3.9734187284146008,0.005319148936170213,0.0,0.005319148936170213
feature_133,0.6185627803674522,0.005319148936170213,0.0,0.005319148936170213
feature_134,0.357694796477118,0.005319148936170213,0.0,0.005319148936170213
feature_135,0.2285090597204445,0.005319148936170213,0.0,0.005319148936170213
feature_136,0.18851070193450348,0.006382978723404255,0.0,0.006382978723404255
feature_137,0.05846432352295946,0.00425531914893617,0.009584664536741214,0.005329345387805043
feature_138,0.27270547527435796,0.00425531914893617,0.009584664536741214,0.005329345387805043
feature_139,0.2158519913893422,0.00425531914893617,0.009584664536741214,0.005329345387805043
feature_140,0.14510390763402756,0.00425531914893617,0.009584664536741214,0.005329345387805043
feature_142,0.15771561823218952,0.00425531914893617,0.009584664536741214,0.005329345387805043
feature_143,0.2905968016830825,0.00425531914893617,0.009584664536741214,0.005329345387805043
feature_144,0.1670719777300196,0.0,0.0,0.0
feature_145,0.25363804599066464,0.0,0.0,0.0
feature_146,0.18659679012974667,0.0,0.0,0.0
feature_147,0.5338563385572315,0.0,0.0,0.0
feature_148,0.2016322708987623,0.0,0.0,0.0
feature_150,0.04296367189534021,0.0,0.0,0.0
feature_151,0.028932590356034005,0.0,0.0,0.0
feature_152,0.2957156594194536,0.0,0.0,0.0
feature_153,0.4431429275803598,0.0,0.0,0.0
feature_154,0.298606344660022,0.0,0.0,0.0
feature_155,1.4225493423438238,0.010638297872340425,0.0,0.010638297872340425
feature_156,0.04748806785422946,0.0,0.0,0.0
feature_159,0.30885482710917994,0.002127659574468085,0.0,0.002127659574468085
feature_160,0.4567880564396743,0.002127659574468085,0.0,0.002127659574468085
feature_161,0.06659084475949124,0.002127659574468085,0.0,0.002127659574468085
feature_162,0.7599525386189252,0.002127659574468085,0.0,0.002127659574468085
feature_163,0.09194110938751235,0.002127659574468085,0.0,0.002127659574468085
feature_164,0.12900043202370023,0.002127659574468085,0.0,0.002127659574468085
feature_165,0.048027872470294906,0.002127659574468085,0.0,0.002127659574468085
feature_166,0.18523411298494238,0.002127659574468085,0.0,0.002127659574468085
feature_167,0.2694345494430507,0.002127659574468085,0.0,0.002127659574468085
feature_168,0.22186937638156326,0.002127659574468085,0.0,0.002127659574468085
feature_169,0.9068997809636448,0.002127659574468085,0.0,0.002127659574468085
feature_170,0.5001007591330188,0.0010638297872340426,0.0,0.0010638297872340426
feature_171,0.22184298746493938,0.0010638297872340426,0.0,0.0010638297872340426
feature_172,0.10832623697507515,0.0010638297872340426,0.0,0.0010638297872340426
feature_173,0.27600817291677593,0.0010638297872340426,0.0,0.0010638297872340426
feature_174,0.10832623697507515,0.0010638297872340426,0.0,0.0010638297872340426
feature_175,0.2723623690203572,0.0010638297872340426,0.0,0.0010638297872340426
feature_176,0.2501948981370984,0.0010638297872340426,0.0,0.0010638297872340426
feature_177,0.38382354842374816,0.0010638297872340426,0.0,0.0010638297872340426
feature_180,0.26644868089490836,0.0010638297872340426,0.0,0.0010638297872340426
feature_181,0.04946560105649031,0.0010638297872340426,0.0,0.0010638297872340426
feature_182,0.4550743333466974,0.0010638297872340426,0.0,0.0010638297872340426
feature_183,0.7728593402773625,0.0010638297872340426,0.0,0.0010638297872340426
feature_184,0.14001629055452902,0.0010638297872340426,0.0,0.0010638297872340426
feature_185,0.09126627361614625,0.0010638297872340426,0.0,0.0010638297872340426
feature_187,0.4091071889338833,0.0010638297872340426,0.0,0.0010638297872340426
feature_188,0.052039738566638405,0.0010638297872340426,0.0,0.0010638297872340426
feature_195,0.5301010251477801,0.00425531914893617,0.0,0.00425531914893617
feature_196,0.19602643253048616,0.00425531914893617,0.009584664536741214,0.005329345387805043
feature_197,0.07790356329152998,0.0031914893617021275,0.009584664536741214,0.006393175175039087
feature_198,0.16006077014732698,0.0031914893617021275,0.009584664536741214,0.006393175175039087
feature_199,0.269263994229196,0.0031914893617021275,0.009584664536741214,0.006393175175039087
feature_200,0.07664905131775235,0.00425531914893617,0.009584664536741214,0.005329345387805043
feature_201,0.19999512547568551,0.00425531914893617,0.009584664536741214,0.005329345387805043
feature_202,0.28684668792280094,0.00425531914893617,0.009584664536741214,0.005329345387805043
feature_203,0.147486503432902,0.0031914893617021275,0.009584664536741214,0.006393175175039087
feature_204,0.4303473354828268,0.0031914893617021275,0.009584664536741214,0.006393175175039087
feature_205,0.5308257784709696,0.0031914893617021275,0.009584664536741214,0.006393175175039087
feature_207,0.12825430999941717,0.0031914893617021275,0.009584664536741214,0.006393175175039087
feature_208,0.2728666792140997,0.0031914893617021275,0.009584664536741214,0.006393175175039087
feature_210,0.571155790742264,0.0,0.0,0.0
feature_211,0.04208528913525465,0.0,0.0,0.0
feature_212,0.06592951063709897,0.0,0.0,0.0
feature_213,0.2515214444123224,0.0,0.0,0.0
feature_214,0.23019812054808875,0.0,0.0,0.0
feature_215,0.21643807125965775,0.0,0.0,0.0
feature_216,0.0770343060872215,0.0,0.0,0.0
feature_217,0.16555736454441974,0.0,0.0,0.0
feature_218,0.04082523862845624,0.0,0.0,0.0
feature_219,0.1392510997723682,0.010638297872340425,0.006389776357827476,0.0042485215145129495
feature_221,0.23994620838485725,0.0,0.0,0.0
feature_222,0.060556743754440895,0.0,0.0,0.0
feature_223,0.11707028389247534,0.0,0.0,0.0
feature_224,0.0277492865902329,0.0,0.0,0.0
feature_225,0.021148829358464846,0.0,0.0,0.0
feature_227,0.09922064332043848,0.0,0.006389776357827476,0.006389776357827476
feature_228,0.17663430672240146,0.0,0.006389776357827476,0.006389776357827476
feature_238,0.10276232945081579,0.0,0.006389776357827476,0.006389776357827476
feature_239,0.1317464740099551,0.0,0.006389776357827476,0.006389776357827476
feature_247,1.6359219955364992,0.24468085106382978,0.6134185303514377,0.3687376792876079
feature_248,0.08320322042951034,0.0,0.0,0.0
feature_249,0.0,0.0,0.0,0.0
feature_250,0.022622972347611195,0.0,0.0,0.0
feature_251,0.12096650669974798,0.0,0.0,0.0
feature_252,0.43876698667785957,0.0,0.0,0.0
feature_253,0.07893680999588534,0.0,0.0,0.0
feature_254,0.5356569952774553,0.0,0.0,0.0
feature_255,1.8208234882377121,0.0,0.0,0.0
feature_267,2.047262516691246,0.005319148936170213,0.0,0.005319148936170213
feature_268,1.7692464366114589,0.005319148936170213,0.0,0.005319148936170213
feature_269,0.3218587357662409,0.005319148936170213,0.0,0.005319148936170213
feature_270,0.2970823074649139,0.005319148936170213,0.0,0.005319148936170213
feature_271,0.1803487887043824,0.006382978723404255,0.0,0.006382978723404255
feature_272,0.08328729097994732,0.00425531914893617,0.009584664536741214,0.005329345387805043
feature_273,0.06532361972236768,0.00425531914893617,0.009584664536741214,0.005329345387805043
feature_274,0.41282569315750395,0.00425531914893617,0.009584664536741214,0.005329345387805043
feature_275,0.24058298004669088,0.00425531914893617,0.009584664536741214,0.005329345387805043
feature_277,0.14905798623237665,0.00425531914893617,0.009584664536741214,0.005329345387805043
feature_278,0.40262368483749766,0.00425531914893617,0.009584664536741214,0.005329345387805043
feature_279,0.21096606431067286,0.0,0.0,0.0
feature_280,0.3237339881825255,0.0,0.0,0.0
feature_281,0.32315628968450605,0.0,0.0,0.0
feature_282,0.5329099937136057,0.0,0.0,0.0
feature_283,0.20751604122067435,0.0,0.0,0.0
feature_285,0.0425324392803153,0.0,0.0,0.0
feature_286,0.025792712005979428,0.0,0.0,0.0
feature_287,0.2996966062466441,0.0,0.0,0.0
feature_288,0.4305050794175872,0.0,0.0,0.0
feature_289,0.1683770358902845,0.0,0.0,0.0
feature_290,1.6251793460701138,0.010638297872340425,0.0,0.010638297872340425
feature_291,0.053643733990994216,0.0,0.0,0.0
feature_294,0.33930688060559705,0.002127659574468085,0.0,0.002127659574468085
feature_295,0.5111157582732043,0.002127659574468085,0.0,0.002127659574468085
feature_296,0.060369031505494865,0.002127659574468085,0.0,0.002127659574468085
feature_297,0.8090928217928903,0.002127659574468085,0.0,0.002127659574468085
feature_298,0.10684076249266755,0.002127659574468085,0.0,0.002127659574468085
feature_299,0.12665038454094887,0.002127659574468085,0.0,0.002127659574468085
feature_300,0.06141742568955297,0.002127659574468085,0.0,0.002127659574468085
feature_301,0.24707480373818613,0.002127659574468085,0.0,0.002127659574468085
feature_302,0.2635638910561142,0.002127659574468085,0.0,0.002127659574468085
feature_303,0.23019842709244426,0.002127659574468085,0.0,0.002127659574468085
feature_304,0.9252139566042905,0.002127659574468085,0.0,0.002127659574468085
feature_305,0.15066191543412769,0.0010638297872340426,0.0,0.0010638297872340426
feature_306,1.4828827100012683,0.0010638297872340426,0.0,0.0010638297872340426
feature_307,0.19109944942110035,0.0010638297872340426,0.0,0.0010638297872340426
feature_308,0.24300782521610928,0.0010638297872340426,0.0,0.0010638297872340426
feature_309,0.19109944942110035,0.0010638297872340426,0.0,0.0010638297872340426
feature_310,0.3938623390706061,0.0010638297872340426,0.0,0.0010638297872340426
feature_311,0.2967037331174571,0.0010638297872340426,0.0,0.0010638297872340426
feature_312,0.37203484996949426,0.0010638297872340426,0.0,0.0010638297872340426
feature_316,0.25402269207523104,0.0010638297872340426,0.0,0.0010638297872340426
feature_317,0.07275373716627348,0.0010638297872340426,0.0,0.0010638297872340426
feature_318,0.8239322713110507,0.0010638297872340426,0.0,0.0010638297872340426
feature_319,1.045932220945209,0.0010638297872340426,0.0,0.0010638297872340426
feature_320,0.10556711348894661,0.0010638297872340426,0.0,0.0010638297872340426
feature_321,0.09669110646826959,0.0010638297872340426,0.0,0.0010638297872340426
feature_323,0.34032908680527374,0.0010638297872340426,0.0,0.0010638297872340426
feature_324,0.06061245601824636,0.0010638297872340426,0.0,0.0010638297872340426
feature_331,1.7053080226044826,0.00425531914893617,0.0,0.00425531914893617
feature_332,0.214618520698216,0.00425531914893617,0.009584664536741214,0.005329345387805043
feature_333,0.09876053497823577,0.0031914893617021275,0.009584664536741214,0.006393175175039087
feature_334,0.11701740788275261,0.0031914893617021275,0.009584664536741214,0.006393175175039087
feature_335,0.42341864953678005,0.0031914893617021275,0.009584664536741214,0.006393175175039087
feature_336,0.3355620989240717,0.00425531914893617,0.009584664536741214,0.005329345387805043
feature_337,0.22381829001189635,0.00425531914893617,0.009584664536741214,0.005329345387805043
feature_338,0.2705038764841614,0.00425531914893617,0.009584664536741214,0.005329345387805043
feature_339,0.05159414209172893,0.0031914893617021275,0.009584664536741214,0.006393175175039087
feature_340,0.5142038271672996,0.0031914893617021275,0.009584664536741214,0.006393175175039087
feature_341,0.5858345653230396,0.0031914893617021275,0.009584664536741214,0.006393175175039087
feature_343,0.15265420782538205,0.0031914893617021275,0.009584664536741214,0.006393175175039087
feature_344,0.2798033918247902,0.0031914893617021275,0.009584664536741214,0.006393175175039087
feature_345,0.19908124715939482,0.4127659574468085,0.5942492012779552,0.18148324383114672
feature_346,0.37641289309465514,0.4127659574468085,0.5942492012779552,0.18148324383114672
feature_348,0.5396066404829422,0.0,0.0,0.0
feature_349,0.04188568364867755,0.0,0.0,0.0
feature_350,0.05329196755595638,0.0,0.0,0.0
feature_351,0.25121759831326906,0.0,0.0,0.0
feature_352,0.25373699237268993,0.0,0.0,0.0
feature_353,0.18031644267901037,0.0,0.0,0.0
feature_354,0.060419722976013585,0.0,0.0,0.0
feature_355,0.16427488495298184,0.0,0.0,0.0
feature_356,0.025309803297961543,0.0,0.0,0.0
feature_357,0.07092415568066968,0.010638297872340425,0.006389776357827476,0.0042485215145129495
feature_359,0.17773526412308563,0.0,0.0,0.0
feature_360,0.042089352846422956,0.0,0.0,0.0
feature_361,0.1618143577057004,0.0,0.0,0.0
feature_362,0.02907993979336161,0.0,0.0,0.0
feature_363,0.02885552262318036,0.0,0.0,0.0
feature_365,0.14011017518231106,0.0,0.006389776357827476,0.006389776357827476
feature_366,0.23192034690125227,0.0,0.006389776357827476,0.006389776357827476
feature_367,0.04379989043454187,0.00425531914893617,0.006389776357827476,0.0021344572088913055
feature_368,0.18685934620765618,0.00425531914893617,0.006389776357827476,0.0021344572088913055
feature_376,0.10501670178853252,0.0,0.006389776357827476,0.006389776357827476
feature_377,0.11150205495061791,0.0,0.006389776357827476,0.006389776357827476
feature_385,0.8251548488058985,0.24468085106382978,0.6134185303514377,0.3687376792876079
feature_386,0.06415374244115367,0.0,0.0,0.0
feature_387,0.0,0.0,0.0,0.0
feature_388,0.07917197217510423,0.0,0.0,0.0
feature_389,0.11186005106405177,0.0,0.0,0.0
feature_390,0.306993824992818,0.0,0.0,0.0
feature_391,0.07639669759499158,0.0,0.0,0.0
feature_392,0.6549007610465564,0.0,0.0,0.0
feature_393,2.022823130415402,0.0,0.0,0.0
feature_405,0.9985357216222964,0.005319148936170213,0.0,0.005319148936170213
feature_406,0.8065646112058317,0.005319148936170213,0.0,0.005319148936170213
feature_407,0.293578001332249,0.005319148936170213,0.0,0.005319148936170213
feature_408,0.23704204247656263,0.005319148936170213,0.0,0.005319148936170213
feature_409,0.17473045998049852,0.006382978723404255,0.0,0.006382978723404255
feature_410,0.058608890048127193,0.00425531914893617,0.009584664536741214,0.005329345387805043
feature_411,0.24688126088045495,0.00425531914893617,0.009584664536741214,0.005329345387805043
feature_412,0.2330471304989378,0.00425531914893617,0.009584664536741214,0.005329345387805043
feature_413,0.0973248437068873,0.00425531914893617,0.009584664536741214,0.005329345387805043
feature_415,0.18150978301397197,0.00425531914893617,0.009584664536741214,0.005329345387805043
feature_416,0.4182793203931639,0.00425531914893617,0.009584664536741214,0.005329345387805043
feature_417,0.20708070161726672,0.0,0.0,0.0
feature_418,0.02569404488269972,0.0,0.0,0.0
feature_419,0.044753719700330034,0.0,0.0,0.0
feature_420,0.5495317030214996,0.0,0.0,0.0
feature_421,0.19005512686815434,0.0,0.0,0.0
feature_423,0.031107086954010994,0.0,0.0,0.0
feature_424,0.04298945326547085,0.0,0.0,0.0
feature_425,0.3674515347909515,0.0,0.0,0.0
feature_426,0.4254817382320413,0.0,0.0,0.0
feature_427,0.25666972502505786,0.0,0.0,0.0
feature_428,0.809584970990328,0.010638297872340425,0.0,0.010638297872340425
feature_429,0.04585906790576098,0.0,0.0,0.0
feature_430,0.34191848505823214,0.002127659574468085,0.0,0.002127659574468085
feature_431,0.40857327341492583,0.002127659574468085,0.0,0.002127659574468085
feature_432,0.05165670516148489,0.002127659574468085,0.0,0.002127659574468085
feature_433,0.7142495345283075,0.002127659574468085,0.0,0.002127659574468085
feature_434,0.06517098665916773,0.002127659574468085,0.0,0.002127659574468085
feature_435,0.12406879886384234,0.002127659574468085,0.0,0.002127659574468085
feature_436,0.06072039469990948,0.002127659574468085,0.0,0.002127659574468085
feature_437,0.1113659253500277,0.002127659574468085,0.0,0.002127659574468085
feature_438,0.2981697346584031,0.002127659574468085,0.0,0.002127659574468085
feature_439,0.2755130000235752,0.002127659574468085,0.0,0.002127659574468085
feature_440,1.0780900822617683,0.002127659574468085,0.0,0.002127659574468085
feature_441,0.5927473872270479,0.0010638297872340426,0.0,0.0010638297872340426
feature_442,0.2035346685922487,0.0010638297872340426,0.0,0.0010638297872340426
feature_443,0.09729340787734336,0.0010638297872340426,0.0,0.0010638297872340426
feature_444,0.2809029102778646,0.0010638297872340426,0.0,0.0010638297872340426
feature_445,0.09457076742301207,0.0010638297872340426,0.0,0.0010638297872340426
feature_446,0.3178610102346436,0.0010638297872340426,0.0,0.0010638297872340426
feature_447,0.2019198544762418,0.0010638297872340426,0.0,0.0010638297872340426
feature_448,0.3885495146918675,0.0010638297872340426,0.0,0.0010638297872340426
feature_452,0.25356361802999433,0.0010638297872340426,0.0,0.0010638297872340426
feature_453,0.0678944835501241,0.0010638297872340426,0.0,0.0010638297872340426
feature_454,0.4583588108395246,0.0010638297872340426,0.0,0.0010638297872340426
feature_455,0.7348448770302587,0.0010638297872340426,0.0,0.0010638297872340426
feature_456,0.06929158856651191,0.0010638297872340426,0.0,0.0010638297872340426
feature_457,0.09764235283413675,0.0010638297872340426,0.0,0.0010638297872340426
feature_459,0.3284143994618248,0.0010638297872340426,0.0,0.0010638297872340426
feature_460,0.03652095956861373,0.0010638297872340426,0.0,0.0010638297872340426
feature_467,0.698353549830827,0.00425531914893617,0.0,0.00425531914893617
feature_468,1.4406721011422683,0.00425531914893617,0.009584664536741214,0.005329345387805043
feature_469,0.0924803245400371,0.0031914893617021275,0.009584664536741214,0.006393175175039087
feature_470,0.13190274994027068,0.0031914893617021275,0.009584664536741214,0.006393175175039087
feature_471,0.2642496392183989,0.0031914893617021275,0.009584664536741214,0.006393175175039087
feature_472,0.255957826612359,0.00425531914893617,0.009584664536741214,0.005329345387805043
feature_473,0.12331242437056779,0.00425531914893617,0.009584664536741214,0.005329345387805043
feature_474,0.22292932259001302,0.00425531914893617,0.009584664536741214,0.005329345387805043
feature_475,0.12037223587807014,0.0031914893617021275,0.009584664536741214,0.006393175175039087
feature_476,0.3797581501514083,0.0031914893617021275,0.009584664536741214,0.006393175175039087
feature_477,0.5963345348821456,0.0031914893617021275,0.009584664536741214,0.006393175175039087
feature_479,0.12163916253161147,0.0031914893617021275,0.009584664536741214,0.006393175175039087
feature_480,0.7701761212396591,0.0031914893617021275,0.009584664536741214,0.006393175175039087
feature_482,0.02005079543514083,0.0,0.0,0.0
feature_483,0.027147327596986636,0.0,0.0,0.0
feature_484,0.3109017993536891,0.0,0.0,0.0
feature_485,0.7055377371723642,0.0,0.0,0.0
feature_486,0.04218786386000911,0.0,0.0,0.0
feature_487,0.507515100304844,0.0,0.0,0.0
feature_488,0.09208356158653686,0.0,0.0,0.0
feature_489,0.037866220050577555,0.0,0.0,0.0
feature_490,0.043458552826953545,0.0,0.0,0.0
feature_491,0.15981381413611973,0.010638297872340425,0.006389776357827476,0.0042485215145129495
feature_493,0.19819244509291903,0.0,0.0,0.0
feature_494,0.080757038322067,0.0,0.0,0.0
feature_495,0.10951167480612871,0.0,0.0,0.0
feature_496,0.05315330637042678,0.0,0.0,0.0
feature_497,0.022467992233776823,0.0,0.0,0.0
feature_499,0.06486732261156265,0.0,0.006389776357827476,0.006389776357827476
feature_500,0.07185134506159403,0.0,0.006389776357827476,0.006389776357827476
feature_510,0.6127486336891951,0.0,0.006389776357827476,0.006389776357827476
feature_511,0.06927765030088989,0.0,0.006389776357827476,0.006389776357827476
feature_519,1.6222436149579291,0.24468085106382978,0.6134185303514377,0.3687376792876079
feature_520,0.10124161384719749,0.0,0.0,0.0
feature_521,0.0,0.0,0.0,0.0
feature_522,0.01319956990168423,0.0,0.0,0.0
feature_523,0.10722174020876438,0.0,0.0,0.0
feature_524,0.44080025001130657,0.0,0.0,0.0
feature_525,0.0797883111866075,0.0,0.0,0.0
feature_526,0.5308044417575826,0.0,0.0,0.0
feature_527,1.787041152660218,0.0,0.0,0.0
feature_539,0.9461120414393298,0.005319148936170213,0.0,0.005319148936170213
feature_540,0.6443472876881482,0.005319148936170213,0.0,0.005319148936170213
feature_541,0.15562836372668282,0.005319148936170213,0.0,0.005319148936170213
feature_542,2.6094259738841656,0.0,0.0,0.0
feature_543,2.2684868904004305,0.0,0.0,0.0
feature_544,0.9903296025741797,0.0,0.0,0.0
feature_545,3.570965447357281,0.0,0.0,0.0
feature_546,1.4060514346812867,0.2670212765957447,0.012779552715654952,0.25424172388008975
feature_547,1.114313647152478,0.2670212765957447,0.012779552715654952,0.25424172388008975
feature_548,1.5554165110120073,0.2670212765957447,0.012779552715654952,0.25424172388008975
feature_549,1.3232523106736145,0.2670212765957447,0.012779552715654952,0.25424172388008975
feature_550,1.2456500121906882,0.2670212765957447,0.012779552715654952,0.25424172388008975
feature_551,1.1360723539530007,0.2670212765957447,0.012779552715654952,0.25424172388008975
feature_552,1.3049553692562141,0.2670212765957447,0.012779552715654952,0.25424172388008975
feature_553,1.2401557003078283,0.2670212765957447,0.012779552715654952,0.25424172388008975
feature_554,1.257639836336652,0.2670212765957447,0.012779552715654952,0.25424172388008975
feature_555,1.2404001465828394,0.2670212765957447,0.012779552715654952,0.25424172388008975
feature_556,1.1843826335113254,0.2670212765957447,0.012779552715654952,0.25424172388008975
feature_557,1.0788413245493056,0.2670212765957447,0.012779552715654952,0.25424172388008975
feature_558,0.3193141056521799,0.0010638297872340426,0.0,0.0010638297872340426
feature_559,0.250606390039774,0.0010638297872340426,0.0,0.0010638297872340426
feature_560,0.4224029033581677,0.0010638297872340426,0.0,0.0010638297872340426
feature_561,0.23028450886366136,0.0010638297872340426,0.0,0.0010638297872340426
feature_562,1.4881766867203838,0.28191489361702127,0.022364217252396165,0.2595506763646251
feature_563,1.221879828066797,0.28191489361702127,0.022364217252396165,0.2595506763646251
feature_564,1.2146492071098332,0.28191489361702127,0.022364217252396165,0.2595506763646251
feature_565,1.055546281046427,0.28191489361702127,0.022364217252396165,0.2595506763646251
feature_566,1.1799782473778444,0.28191489361702127,0.022364217252396165,0.2595506763646251
feature_567,1.1119282843445637,0.28191489361702127,0.022364217252396165,0.2595506763646251
feature_568,1.1843005179607977,0.28191489361702127,0.022364217252396165,0.2595506763646251
feature_569,1.1809436167727116,0.28191489361702127,0.022364217252396165,0.2595506763646251
feature_570,2.5786805912393214,0.0,0.0,0.0
feature_571,0.757833087365926,0.0,0.0,0.0
feature_572,0.10760730755164717,0.0,0.0,0.0
feature_573,0.1862724961711496,0.0,0.0,0.0
feature_574,0.11018502326035695,0.0,0.0,0.0
feature_575,0.0898595013012382,0.0,0.0,0.0
feature_576,0.1391984612269613,0.0,0.0,0.0
feature_577,0.5076990986466147,0.0,0.0,0.0
feature_582,0.08071273172789477,0.0010638297872340426,0.0,0.0010638297872340426
feature_583,0.07273565337591885,0.0010638297872340426,0.0,0.0010638297872340426
feature_584,0.06964977004835933,0.0010638297872340426,0.0,0.0010638297872340426
feature_585,0.08489819749428767,0.0010638297872340426,0.0,0.0010638297872340426
feature_586,0.459688519740425,0.0010638297872340426,0.0,0.0010638297872340426
feature_587,0.19320946484597235,0.0010638297872340426,0.0,0.0010638297872340426
feature_588,0.21968419089260738,0.0010638297872340426,0.0,0.0010638297872340426
feature_589,0.24861910346889812,0.0010638297872340426,0.0,0.0010638297872340426
