geometry,support,lots,mean_confidence,review_rate,mean_ood_score,gradcam_top_vs_random,integrated_gradients_top_vs_random
33x29,5,5,0.9992011904716491,0.0,0.567777542,-0.01953141689300532,0.028377425670623756
25x27,3,3,0.8094509641329447,0.3333333333333333,1.0032172666666668,-0.1867457926273346,-0.00355405608812967
34x34,2,1,0.9363164007663727,0.5,0.79140353,-0.29009898006916046,0.0803832188248634
38x38,2,2,0.996709704399109,0.0,0.68717655,-0.2313137054443359,0.19217463582754135
39x37,2,2,0.5854981541633606,1.0,1.2390259000000001,0.14643478812649846,0.15592743946035625
25x26,1,1,0.9132184386253356,1.0,1.0774759,0.036073625087738,0.0221549868583679
27x25,1,1,0.9993845224380492,0.0,0.73754644,-0.0015214681625366,0.0013137459754943
29x26,1,1,0.9992260932922364,0.0,0.42614874,-0.0016477108001708,0.0090592503547668
33x37,1,1,0.9989725351333618,0.0,0.6678256,-0.0035181045532226,0.001348078250885
41x33,1,1,0.9016708135604858,1.0,1.3271476,-0.3945828676223755,-0.1017903983592987
41x45,1,1,0.9996042847633362,0.0,0.6636148,-0.0007233619689941,0.0089480280876159
50x43,1,1,0.9959702491760254,0.0,1.0865568,-0.0449983477592468,-0.0011876821517944
