array_index,source_row,source_split,lot_name,wafer_index,original_height,original_width,predicted_class,correct,baseline_confidence,ood_score,ood_status,active_attribution_mass_gradcam,active_attribution_mass_integrated_gradients,active_attribution_lift_gradcam,active_attribution_lift_integrated_gradients,top10_confidence_drop_gradcam,top10_confidence_drop_integrated_gradients,random10_confidence_drop_mean_gradcam,random10_confidence_drop_mean_integrated_gradients,bottom10_confidence_drop_gradcam,bottom10_confidence_drop_integrated_gradients,top_vs_random_advantage_gradcam,top_vs_random_advantage_integrated_gradients,top_vs_bottom_advantage_gradcam,top_vs_bottom_advantage_integrated_gradients,top10_prediction_changed_gradcam,top10_prediction_changed_integrated_gradients,low_confidence_review,ood_review,review_required,geometry
15873,245311,Training,lot15361,1.0,50,43,Near-full,True,0.9959702491760254,1.0865568,in_distribution,0.8162223100662231,1.0,1.0112663587511344,1.238959467634604,0.0066849589347839,0.0504956245422363,0.0516833066940307,0.0516833066940307,-0.0001593828201293,0.0312430262565612,-0.0449983477592468,-0.0011876821517944,0.0068443417549133,0.019252598285675,False,False,False,False,False,50x43
16702,247675,Training,lot15458,1.0,25,26,Near-full,True,0.9132184386253356,1.0774759,in_distribution,0.7906883358955383,1.0,0.989810337355784,1.2518337408312958,0.3355071544647217,0.3215885162353515,0.2994335293769836,0.2994335293769836,-0.0475890040397644,0.0797582268714904,0.036073625087738,0.0221549868583679,0.3830961585044861,0.241830289363861,False,False,True,False,True,25x26
18065,251646,Training,lot15619,8.0,38,38,Near-full,True,0.9939084053039552,0.7427275,in_distribution,0.7518875002861023,1.0,0.9531820492639662,1.2677189724543485,0.0089598298072814,0.8513768166303635,0.4709490537643432,0.4709490537643432,0.0332204699516296,0.0540459156036376,-0.4619892239570617,0.3804277628660202,-0.0242606401443481,0.7973309010267258,False,True,False,False,False,38x38
64016,694592,Test,lot42805,13.0,38,38,Near-full,True,0.9995110034942628,0.6316256,in_distribution,0.7404471635818481,1.0,0.9386789173727176,1.2677189724543485,0.0010579824447631,0.0056176781654357,0.0016961693763732,0.0016961693763732,0.0075940489768981,0.005470335483551,-0.0006381869316101,0.0039215087890625,-0.006536066532135,0.0001473426818847,False,False,False,False,False,38x38
66025,696811,Training,lot42895,16.0,25,27,Near-full,True,0.993941068649292,0.5950615,in_distribution,0.7244245409965515,1.0,0.9486070715862772,1.3094629156010231,0.0191769003868103,0.2902193069458008,0.3910735845565796,0.3910735845565796,0.0036563277244567,0.063619315624237,-0.3718966841697693,-0.1008542776107788,0.0155205726623535,0.2265999913215637,False,False,False,False,False,25x27
69404,700658,Training,lot43050,9.0,25,27,Near-full,True,0.9753115773200988,0.9430652,in_distribution,0.7254322171211243,1.0,0.9499265861023416,1.3094629156010231,0.086521029472351,0.6996945142745972,0.754090279340744,0.754090279340744,0.0169767141342163,0.3494844436645508,-0.6675692498683929,-0.0543957650661468,0.0695443153381347,0.3502100706100464,False,True,False,False,False,25x27
72378,703975,Training,lot43183,23.0,25,27,Random,False,0.4591002464294433,1.4715251,review,0.7718079090118408,0.9999999403953552,1.010653834818574,1.3094628375509512,0.0625330805778503,-0.2721076011657715,-0.4166954755783081,-0.4166954755783081,0.2503516674041748,-0.3409360647201538,0.4792285561561584,0.1445878744125366,-0.1878185868263244,0.0688284635543823,False,False,True,True,True,25x27
95997,728614,Test,lot44178,21.0,33,29,Near-full,True,0.9991922974586488,0.6433908,in_distribution,0.7541643381118774,0.9999998211860656,0.9744659712638012,1.2921133336208597,0.0018225312232971,0.061355173587799,0.0351173877716064,0.0351173877716064,0.0465787649154663,0.0015493631362915,-0.0332948565483093,0.0262377858161926,-0.0447562336921691,0.0598058104515075,False,False,False,False,False,33x29
96036,728653,Test,lot44180,10.0,33,29,Near-full,True,0.9992769360542296,0.5258666,in_distribution,0.7434595227241516,0.9999999403953552,0.9606341340940456,1.2921134876527998,0.0028253197669982,0.0899490714073181,0.0196666121482849,0.0196666121482849,0.0196399688720703,0.0030379891395568,-0.0168412923812866,0.0702824592590332,-0.016814649105072,0.0869110822677612,False,False,False,False,False,33x29
96316,728933,Test,lot44191,15.0,33,29,Near-full,True,0.998994767665863,0.39622515,in_distribution,0.7372550964355469,0.9999998807907104,0.952617310725552,1.2921134106368295,0.0033362507820129,0.0647729039192199,0.0183829665184021,0.0183829665184021,0.0216109156608581,0.0046066045761108,-0.0150467157363891,0.0463899374008178,-0.0182746648788452,0.0601662993431091,False,False,False,False,False,33x29
98621,731778,Test,lot44307,18.0,33,29,Near-full,True,0.9995088577270508,0.74565756,in_distribution,0.7435914874076843,1.0,0.9608046474516956,1.2921135646687698,0.0011684894561767,0.0054752230644226,0.0032325983047485,0.0032325983047485,0.0367080569267272,0.0429956912994384,-0.0020641088485717,0.002242624759674,-0.0355395674705505,-0.0375204682350158,False,False,False,False,False,33x29
102701,736609,Test,lot44503,13.0,33,29,Near-full,True,0.9990330934524536,0.5277476,in_distribution,0.7513037323951721,1.0,0.9707697438140772,1.2921135646687698,0.0030719637870788,0.0302163958549499,0.0334820747375488,0.0334820747375488,0.0398684740066528,0.0010536313056945,-0.0304101109504699,-0.0032656788825988,-0.0367965102195739,0.0291627645492553,False,False,False,False,False,33x29
112748,749104,Training,lot45008,21.0,27,25,Near-full,True,0.9993845224380492,0.73754644,in_distribution,0.7348079085350037,0.9999999403953552,0.9576115791789294,1.3032134126183186,0.0014110207557678,0.0042462348937988,0.0029324889183044,0.0029324889183044,0.0371015071868896,0.0160509943962097,-0.0015214681625366,0.0013137459754943,-0.0356904864311218,-0.0118047595024108,False,False,False,False,False,27x25
122743,759433,Test,lot45425,23.0,39,37,Near-full,True,0.6698509454727173,1.1238089,in_distribution,0.741391122341156,1.0000001192092896,0.9646563014959896,1.3011437383358482,0.0809383392333984,0.6696512377966428,0.6652026055380702,0.6652026055380702,-0.2293292880058288,0.3689211308956146,-0.5842642663046718,0.0044486322585726,0.3102676272392273,0.3007301069010282,False,True,True,False,True,39x37
126184,762971,Test,lot45568,20.0,39,37,Random,False,0.5011453628540039,1.3542429,review,0.7525759339332581,0.9999999403953552,0.979209347328661,1.301143505673245,0.451713677495718,-0.1180139183998107,-0.4254201650619507,-0.4254201650619507,0.4392309412360191,-0.3114411234855652,0.8771338425576687,0.3074062466621399,0.0124827362596988,0.1934272050857544,True,False,True,True,True,39x37
127759,764587,Test,lot45634,16.0,34,34,Near-full,True,0.8786493539810181,0.85220903,in_distribution,0.7293617129325867,0.9999998807907104,0.9347514318435152,1.2816018497242647,0.1779003739356994,0.6779805272817612,0.6131130754947662,0.6131130754947662,0.0776947140693664,0.1988013386726379,-0.4352127015590668,0.0648674517869949,0.100205659866333,0.4791791886091232,False,True,True,False,True,34x34
127768,764596,Test,lot45634,25.0,34,34,Near-full,True,0.9939834475517272,0.73059803,in_distribution,0.755429208278656,1.0,0.9681595860792788,1.281602002503129,0.0156636238098144,0.2565478682518005,0.1606488823890686,0.1606488823890686,0.0007672309875488,0.0244243144989013,-0.1449852585792541,0.0958989858627319,0.0148963928222656,0.2321235537528991,False,False,False,False,False,34x34
136999,774282,Test,lot46030,24.0,41,45,Near-full,True,0.9996042847633362,0.6636148,in_distribution,0.743604302406311,1.0000001192092896,0.954199004591557,1.2832081730204417,0.0010160207748413,0.0106874108314514,0.0017393827438354,0.0017393827438354,0.0342061519622802,0.0173799991607666,-0.0007233619689941,0.0089480280876159,-0.0331901311874389,-0.0066925883293151,False,False,False,False,False,41x45
148203,785955,Training,lot46506,14.0,33,37,Near-full,True,0.9989725351333618,0.6678256,in_distribution,0.759156346321106,1.0,0.9753777900035288,1.2848180677540777,0.002246618270874,0.0071128010749816,0.0057647228240966,0.0057647228240966,0.0021936297416687,0.0110746026039123,-0.0035181045532226,0.001348078250885,5.2988529205322266e-05,-0.0039618015289306,False,False,False,False,False,33x37
164353,802580,Test,lot47180,10.0,29,26,Near-full,True,0.9992260932922364,0.42614874,in_distribution,0.725592851638794,1.0,0.9649442598417208,1.32987012987013,0.0025554299354553,0.013262391090393,0.0042031407356262,0.0042031407356262,0.0414053201675415,0.0132966637611389,-0.0016477108001708,0.0090592503547668,-0.0388498902320861,-3.427267074584961e-05,False,False,False,False,False,29x26
170717,809106,Test,lot47444,4.0,41,33,Near-full,True,0.9016708135604858,1.3271476,review,0.7468767762184143,1.0,0.9577981450815984,1.28240450845335,0.2488378882408142,0.541630357503891,0.6434207558631897,0.6434207558631897,-0.0255275964736938,0.3701364994049072,-0.3945828676223755,-0.1017903983592987,0.274365484714508,0.1714938580989837,False,True,True,True,True,41x33
