array_index,source_row,lot_name,wafer_index,original_height,original_width,active_die_count,defect_die_count,defect_ratio,component_count_8,largest_component_fraction,mean_normalized_radius,center_defect_fraction,edge_defect_fraction,boundary_defect_coverage,defect_bbox_fraction,defect_centroid_offset,radial_entropy_4bin
15873,245311,lot15361,1.0,50,43,3306,2858,0.8644888082274652,5,0.9961511546536039,0.6189186795378002,0.14800559832050386,0.4163750874737579,0.6039603960396039,1.0,0.05471913563202012,0.9125192455422755
16702,247675,lot15458,1.0,25,26,3272,2650,0.8099022004889975,7,0.9528301886792453,0.6071753627584988,0.1660377358490566,0.4052830188679245,0.8258928571428571,1.0,0.08463547927528149,0.9268234221155521
18065,251646,lot15619,8.0,38,38,3231,2698,0.8350355926957598,1,1.0,0.6514186974519747,0.12824314306893997,0.47961452928094883,0.8181818181818182,1.0,0.027574749115641388,0.8828373234953376
64016,694592,lot42805,13.0,38,38,3231,3110,0.9625502940266172,3,0.9980707395498393,0.6399454910103075,0.13440514469453377,0.4646302250803859,0.784688995215311,0.96875,0.027442502913262858,0.896193068133805
66025,696811,lot42895,16.0,25,27,3128,2584,0.8260869565217391,1,1.0,0.633020889764435,0.15247678018575853,0.45936532507739936,0.8828828828828829,1.0,0.1016983147109677,0.9119052788593683
69404,700658,lot43050,9.0,25,27,3128,2526,0.8075447570332481,1,1.0,0.6242574665532472,0.15399841646872525,0.43824228028503565,0.8333333333333334,1.0,0.11393736858311307,0.9161902772719278
72378,703975,lot43183,23.0,25,27,3128,2344,0.7493606138107417,6,0.9850682593856656,0.6261720427380812,0.11390784982935154,0.3971843003412969,0.6396396396396397,1.0,0.07616757343955273,0.872975586705677
95997,728614,lot44178,21.0,33,29,3170,2780,0.8769716088328076,1,1.0,0.6584933122500016,0.1370503597122302,0.5176258992805756,0.9631336405529954,1.0,0.01734836006461125,0.8794291075133165
96036,728653,lot44180,10.0,33,29,3170,2814,0.8876971608832808,1,1.0,0.6580764002229536,0.1297085998578536,0.5028429282160626,0.9907834101382489,1.0,0.04031191211653334,0.8793887232778149
96316,728933,lot44191,15.0,33,29,3170,2813,0.8873817034700315,1,1.0,0.6526717020901653,0.13188766441521507,0.49022396018485603,0.9861751152073732,1.0,0.04539828652187365,0.8861865034392095
98621,731778,lot44307,18.0,33,29,3170,3164,0.9981072555205047,1,1.0,0.6492233120231456,0.12989886219974717,0.4835651074589128,1.0,1.0,0.000999544557765798,0.8886996314926506
102701,736609,lot44503,13.0,33,29,3170,2768,0.873186119873817,1,1.0,0.6502898744805667,0.13547687861271676,0.49241329479768786,0.9170506912442397,1.0,0.011472589537773577,0.88971045248789
112748,749104,lot45008,21.0,27,25,3143,3143,1.0,1,1.0,0.6470362489207618,0.130130448615972,0.47916003818008274,1.0,1.0,0.0,0.8900524321043283
122743,759433,lot45425,23.0,39,37,3148,2415,0.7671537484116899,3,0.9950310559006211,0.6483847899412107,0.1267080745341615,0.46873706004140786,0.8509615384615384,1.0,0.05929829718482541,0.8919405635677843
126184,762971,lot45568,20.0,39,37,3148,2388,0.758576874205845,8,0.9824120603015075,0.6379650614674534,0.1159966499162479,0.4417922948073702,0.5769230769230769,1.0,0.0914758426839197,0.8769777348545925
127759,764587,lot45634,16.0,34,34,3196,2496,0.7809762202753442,7,0.969551282051282,0.6625099366464096,0.10657051282051282,0.47876602564102566,0.910377358490566,1.0,0.07827393580575642,0.8666226679511263
127768,764596,lot45634,25.0,34,34,3196,2616,0.818523153942428,6,0.9892966360856269,0.6355144265318093,0.12079510703363915,0.42966360856269115,0.6415094339622641,1.0,0.0960363754944411,0.8909850317822
136999,774282,lot46030,24.0,41,45,3192,3146,0.9855889724310777,1,1.0,0.6536617146509973,0.12650985378258106,0.48855689764780674,0.9705882352941176,1.0,0.0027146804450154305,0.885216132884288
148203,785955,lot46506,14.0,33,37,3188,3021,0.9476160602258469,3,0.9980139026812314,0.642596469670997,0.1297583581595498,0.4627606752730884,0.8207547169811321,1.0,0.04701898840403455,0.8955860443387074
164353,802580,lot47180,10.0,29,26,3080,2908,0.9441558441558442,1,1.0,0.647813318505182,0.12620357634112792,0.47214580467675377,0.8954545454545455,1.0,0.024595481451757512,0.8884413481302728
170717,809106,lot47444,4.0,41,33,3194,2518,0.7883531621790858,9,0.9702144559173947,0.6183367660312103,0.16243050039714058,0.4142176330420969,0.8904761904761904,1.0,0.14340869111114457,0.9265352383563467
