split,height,width,geometry,support,class_count,observed_accuracy,class_mix_expected_accuracy,class_adjusted_gap,error_count
validation,43,42,43x42,207,7,0.8888888888888888,0.9769176602625753,-0.08802877137368648,23
validation,26,30,26x30,273,6,0.8901098901098901,0.9585333628577501,-0.06842347274786009,30
validation,34,34,34x34,101,6,0.8811881188118812,0.929059013346118,-0.04787089453423676,12
validation,51,30,51x30,250,5,0.96,0.984181340400794,-0.024181340400794005,10
validation,39,37,39x37,1288,8,0.9541925465838509,0.9768112615204221,-0.022618714936571194,59
validation,38,40,38x40,100,2,0.97,0.9920074546755725,-0.022007454675572524,3
validation,41,42,41x42,270,8,0.9296296296296296,0.9513377446825386,-0.02170811505290904,19
validation,38,38,38x38,345,8,0.9710144927536232,0.9800659492599454,-0.00905145650632222,10
validation,41,33,41x33,700,8,0.9728571428571429,0.9810000705702269,-0.008142927713084003,19
validation,35,31,35x31,816,7,0.9620098039215687,0.968909709495268,-0.00689990557369935,31
validation,33,29,33x29,1019,9,0.9784102060843964,0.984740347588806,-0.006330141504409581,22
validation,26,26,26x26,2098,8,0.9775977121067684,0.9836091856155984,-0.006011473508830023,47
validation,29,26,29x26,1697,7,0.9776075427224514,0.9835493035810544,-0.005941760858602985,38
validation,41,38,41x38,650,5,0.9876923076923076,0.9893982973582788,-0.0017059896659711304,8
validation,45,42,45x42,425,4,0.9858823529411764,0.9869368361204117,-0.0010544831792352882,6
validation,33,37,33x37,441,5,0.9886621315192744,0.989033066040812,-0.00037093452153758033,5
validation,30,34,30x34,1580,7,0.980379746835443,0.9805009431459055,-0.00012119631046247914,31
validation,25,26,25x26,559,7,0.9856887298747764,0.9856330177481865,5.571212658994629e-05,8
validation,42,44,42x44,975,4,0.9887179487179487,0.9880678370497584,0.0006501116681902896,11
validation,43,44,43x44,300,3,0.9933333333333333,0.992091507015533,0.001241826317800343,2
validation,44,41,44x41,902,8,0.9722838137472284,0.970833337498356,0.001450476248872401,25
validation,41,41,41x41,244,7,0.9754098360655737,0.9734866070078896,0.0019232290576841615,6
validation,41,45,41x45,349,5,0.9914040114613181,0.9892795063141239,0.0021245051471942,3
validation,41,40,41x40,450,6,0.9888888888888889,0.9861896551949578,0.0026992336939311024,5
validation,45,43,45x43,225,3,0.9911111111111112,0.9883143973431978,0.0027967137679133502,2
validation,37,37,37x37,118,5,0.9745762711864406,0.9717152818824073,0.0028609893040333345,3
validation,33,35,33x35,200,3,0.995,0.9902181175773884,0.004781882422611572,1
validation,27,25,27x25,1531,7,0.9947746570868713,0.9884402998900563,0.006334357196814966,8
validation,62,64,62x64,100,1,1.0,0.9936065651987214,0.00639343480127863,0
validation,35,34,35x34,100,2,1.0,0.9924512893315957,0.007548710668404346,0
validation,29,27,29x27,521,3,1.0,0.9921805996347817,0.007819400365218332,0
validation,25,27,25x27,2593,8,0.9880447358272272,0.9733374075312988,0.014707328295928357,31
validation,50,43,50x43,115,5,0.9826086956521739,0.965959411970916,0.016649283681257954,2
validation,69,73,69x73,113,1,1.0,0.962992125984252,0.03700787401574801,0
validation,63,62,63x62,175,2,1.0,0.9605619834710742,0.03943801652892576,0
validation,53,52,53x52,199,1,1.0,0.960304054054054,0.039695945945946054,0
validation,46,46,46x46,100,2,1.0,0.9592030033223992,0.04079699667760084,0
validation,38,36,38x36,267,1,1.0,0.9578853046594982,0.04211469534050183,0
test,26,30,26x30,173,5,0.8554913294797688,0.9590253735500254,-0.10353404407025657,25
test,43,42,43x42,200,4,0.905,0.9825004595908373,-0.07750045959083729,19
test,41,42,41x42,219,7,0.91324200913242,0.9540262862264104,-0.04078427709399035,19
test,41,33,41x33,823,7,0.9635479951397327,0.9837364722846996,-0.020188477144966965,30
test,39,37,39x37,1575,9,0.9612698412698413,0.9785635426696785,-0.017293701399837214,61
test,35,31,35x31,634,7,0.9511041009463722,0.9680230387329979,-0.016918937786625676,31
test,45,42,45x42,500,4,0.966,0.9796755578965828,-0.013675557896582813,17
test,44,43,44x43,100,3,0.97,0.9834038046406739,-0.013403804640673922,3
test,39,50,39x50,117,4,0.9658119658119658,0.9780637083360251,-0.01225174252405925,4
test,41,45,41x45,224,5,0.9776785714285714,0.9895851642581883,-0.011906592829616924,5
test,44,41,44x41,875,7,0.968,0.9755166101246261,-0.007516610124626122,28
test,38,38,38x38,389,6,0.9768637532133676,0.9829288273277587,-0.006065074114391056,9
test,25,26,25x26,568,7,0.9788732394366197,0.9841589389023037,-0.005285699465683913,12
test,32,32,32x32,169,5,0.9763313609467456,0.9815351716999804,-0.005203810753234839,4
test,29,26,29x26,1680,8,0.9833333333333333,0.9866870100227968,-0.003353676689463514,28
test,22,50,22x50,150,3,0.9866666666666667,0.9894381953864126,-0.0027715287197459526,2
test,26,26,26x26,2219,8,0.9806219017575485,0.982913965234254,-0.0022920634767055192,43
test,38,42,38x42,200,4,0.985,0.9872059150982813,-0.0022059150982812747,3
test,33,37,33x37,485,6,0.9876288659793815,0.9883446458860045,-0.0007157799066229709,6
test,41,38,41x38,600,6,0.99,0.9901074897201507,-0.00010748972015073299,6
test,41,40,41x40,423,4,0.9881796690307328,0.9878694300686908,0.00031023896204207535,5
test,33,35,33x35,250,4,0.992,0.9916337421925173,0.0003662578074826728,2
test,30,34,30x34,1842,7,0.9826275787187839,0.9815022259183114,0.0011253528004725455,32
test,33,29,33x29,1200,7,0.9875,0.9859234887321486,0.0015765112678514104,15
test,42,44,42x44,975,5,0.9928205128205129,0.990215447255084,0.0026050655654288324,7
test,27,25,27x25,1270,6,0.9960629921259843,0.9897077536222906,0.006355238503693683,5
test,29,27,29x27,377,4,1.0,0.9902848206673946,0.00971517933260535,0
test,48,48,48x48,138,3,1.0,0.9890012911712592,0.010998708828740766,0
test,42,43,42x43,100,3,1.0,0.9888167638920095,0.011183236107990546,0
test,43,44,43x44,225,4,1.0,0.9884665217517755,0.011533478248224482,0
test,34,31,34x31,295,5,0.9966101694915255,0.9846608068497118,0.011949362641813677,1
test,45,43,45x43,129,4,0.9922480620155039,0.9795771492958218,0.012670912719682015,1
test,25,27,25x27,2482,8,0.9903303787268332,0.9744009417145577,0.01592943701227545,24
test,41,41,41x41,176,5,0.9943181818181818,0.9691834939974029,0.025134687820778878,1
test,69,73,69x73,165,1,1.0,0.9573070607553367,0.04269293924466333,0
test,63,62,63x62,222,1,1.0,0.9552110249784668,0.04478897502153323,0
test,38,36,38x36,235,2,1.0,0.9543477033570403,0.04565229664295967,0
test,53,52,53x52,249,1,1.0,0.9541446208112875,0.04585537918871252,0
